CENSUSCODE,OTHER_OTHER,OTHER_SINGLE FAMILY,RESIDENTIAL_MULTI FAMILY,RESIDENTIAL_OTHER,RESIDENTIAL_SINGLE FAMILY
22001960101,481,0,21,277,1318
22001960102,263,0,2,227,916
22001960201,544,0,0,388,1894
22001960202,618,0,0,200,1366
22001960300,1066,0,1,476,2036
22001960401,442,0,0,218,1133
22001960402,359,0,8,182,1072
22001960403,439,0,0,331,1278
22001960501,360,0,0,583,1293
22001960502,338,0,4,324,1127
22001960503,286,0,0,204,702
22001960601,365,0,5,393,474
22001960602,310,0,23,167,1663
22001960700,638,0,24,193,1437
22001960801,299,0,23,42,1396
22001960802,168,0,9,78,554
22001960901,194,0,25,24,1291
22001960902,189,0,0,27,282
22001961000,620,0,114,109,1835
22001961100,746,0,3,422,1504
22001961200,555,0,0,370,1730
22003950100,2979,0,2,517,333
22003950201,698,0,0,743,127
22003950202,55,0,0,77,0
22003950300,331,0,36,900,128
22003950400,1871,0,0,884,357
22003950501,1580,0,84,819,183
22003950502,1397,0,3,345,192
22005030102,465,0,2,534,1823
22005030104,183,0,5,352,903
22005030105,249,0,0,318,1872
22005030106,285,0,6,280,839
22005030107,294,0,8,450,1089
22005030207,532,0,13,158,2010
22005030208,364,0,24,330,1257
22005030209,119,0,0,115,927
22005030210,214,0,5,135,2128
22005030211,432,0,52,271,2224
22005030212,361,0,24,412,2179
22005030213,427,0,37,197,1413
22005030214,366,0,34,431,1453
22005030215,436,0,11,429,1804
22005030301,481,0,0,69,1839
22005030302,2918,0,21,159,1944
22005030303,328,0,1,344,1070
22005030304,254,0,0,246,621
22005030403,185,0,9,159,795
22005030404,305,0,68,164,740
22005030405,313,0,42,128,1414
22005030406,301,0,51,102,940
22005030501,187,0,0,245,1251
22005030502,244,0,0,223,893
22005030503,606,0,33,491,1128
22005030600,806,0,44,710,1443
22005030900,487,0,132,347,1300
22005031001,599,0,17,60,872
22005031002,173,0,125,213,974
22007050100,667,0,12,330,1436
22007050201,432,0,169,416,1294
22007050202,304,0,7,222,922
22007050300,502,0,15,231,1461
22007050400,452,0,39,115,1354
22007050500,314,0,27,259,1103
22007050600,366,0,38,612,1740
22009030100,1016,0,326,232,1836
22009030200,679,0,33,422,1503
22009030300,660,0,22,484,2152
22009030401,676,0,0,212,1949
22009030402,735,0,2,40,979
22009030501,408,0,8,335,2194
22009030502,692,0,25,207,1852
22009030600,769,0,31,86,2141
22009030701,398,0,9,157,1193
22009030702,546,0,2,139,1754
22009030800,419,0,9,287,1619
22009030900,633,0,4,225,1279
22011960101,350,0,0,925,2170
22011960102,251,0,6,549,1349
22011960200,710,0,0,1030,3001
22011960300,407,0,33,81,1631
22011960400,422,0,11,269,1518
22011960500,406,0,73,263,2156
22011960600,582,0,2,676,1836
22011960701,351,0,3,913,1872
22011960702,725,0,10,1098,2600
22013970100,777,0,131,204,1283
22013970200,687,0,26,332,960
22013970300,751,0,33,495,1519
22013970400,562,0,3,494,1210
22013970500,1040,0,0,556,1531
22015010400,485,0,0,140,523
22015010500,369,0,33,72,1366
22015010601,1192,0,22,203,1787
22015010602,355,0,14,68,612
22015010701,159,0,60,113,1071
22015010702,162,0,4,60,1468
22015010801,175,0,12,171,1060
22015010805,175,0,52,32,221
22015010806,34,0,0,1,1793
22015010807,55,0,0,179,1279
22015010808,67,0,0,27,1941
22015010900,1623,0,0,0,1
22015011002,1351,0,18,564,1552
22015011003,283,0,0,468,1736
22015011004,760,0,0,944,716
22015011107,431,0,18,93,590
22015011111,732,0,0,1231,1205
22015011112,570,0,0,637,1128
22015011113,420,0,3,681,1212
22015011114,253,0,0,258,878
22015011115,474,0,0,411,398
22015011116,689,0,0,199,2182
22015011117,136,0,45,33,2469
22015011118,580,0,18,466,38
22015011119,176,0,37,127,1327
22015011120,177,0,3,12,1441
22015011121,439,0,0,235,555
22015011122,469,0,33,245,3074
22015011123,170,0,0,140,1629
22015011124,486,0,0,268,573
22015011201,1499,0,10,527,1253
22015011202,732,0,0,371,676
22015011300,311,0,89,143,306
22017020500,555,0,28,20,829
22017020600,120,0,11,4,327
22017020700,102,0,3,3,528
22017021000,227,0,32,12,536
22017021100,153,0,116,15,651
22017021200,135,0,84,8,1560
22017021300,313,0,40,4,973
22017021400,54,0,33,0,746
22017021500,141,0,21,3,1068
22017021600,177,0,76,5,1547
22017021700,268,0,2,17,586
22017021800,351,0,30,25,375
22017021900,118,0,1,9,671
22017022000,124,0,2,4,851
22017022101,196,0,69,33,1723
22017022102,53,0,0,0,742
22017022200,492,0,37,69,1283
22017022300,218,0,25,8,998
22017022400,478,0,0,5,1258
22017022500,205,0,3,12,1894
22017022600,144,0,9,3,1479
22017022700,51,0,1,0,1260
22017022800,115,0,6,3,1998
22017022900,219,0,109,13,1489
22017023000,189,0,103,7,1748
22017023100,78,0,2,4,718
22017023200,161,0,2,6,633
22017023300,357,0,73,7,679
22017023401,201,0,15,6,1382
22017023402,100,0,25,10,880
22017023500,277,0,25,11,1483
22017023600,114,0,25,34,1102
22017023701,182,0,83,2,1192
22017023702,154,0,52,8,874
22017023801,92,0,53,13,1397
22017023802,112,0,13,9,739
22017023903,694,0,42,219,1538
22017023904,209,0,133,10,731
22017023905,156,0,149,7,1060
22017023906,139,0,22,11,877
22017023907,230,0,50,25,1062
22017024001,228,0,0,80,2715
22017024002,870,0,0,61,2666
22017024102,442,0,7,696,1301
22017024104,315,0,111,46,2049
22017024107,323,0,35,64,1888
22017024108,203,0,91,6,2057
22017024109,146,0,0,58,1484
22017024110,68,0,86,0,531
22017024111,279,0,92,90,1335
22017024201,198,0,90,164,1016
22017024204,597,0,17,874,1558
22017024205,294,0,4,266,963
22017024206,421,0,0,605,844
22017024207,328,0,0,518,608
22017024303,845,0,155,576,1056
22017024304,660,0,39,679,1625
22017024305,320,0,8,442,902
22017024306,219,0,20,104,1648
22017024400,307,0,78,41,1748
22017024503,465,0,67,373,1514
22017024504,822,0,5,1266,1454
22017024601,282,0,128,115,1374
22017024602,528,0,189,70,1205
22017024700,163,0,4,26,876
22017024800,601,0,1,116,448
22017024900,1043,0,66,512,1173
22017025000,447,0,41,236,992
22017025100,663,0,0,311,776
22017025200,137,0,27,12,264
22017025300,420,0,26,17,223
22017025405,395,0,51,151,1852
22017025406,642,0,8,765,1671
22017980000,87,0,0,0,0
22019000100,507,0,5,10,661
22019000200,374,0,0,6,543
22019000300,334,0,1,1,411
22019000400,187,0,29,3,338
22019000500,910,0,7,8,1075
22019000601,303,0,3,117,1085
22019000602,304,0,0,31,877
22019000700,872,0,26,15,1047
22019000800,879,0,3,8,996
22019000900,334,0,4,57,1222
22019001000,466,0,19,8,1409
22019001100,545,0,6,5,876
22019001201,246,0,16,59,1328
22019001202,191,0,32,36,495
22019001301,303,0,5,221,1228
22019001302,227,0,22,0,1215
22019001401,436,0,0,425,676
22019001402,214,0,0,164,1173
22019001500,249,0,0,124,633
22019001600,765,0,34,347,868
22019001700,2054,0,16,1773,3005
22019001802,591,0,40,563,1787
22019001803,1099,0,0,238,1896
22019001901,478,0,0,21,1486
22019001905,226,0,44,8,755
22019001906,404,0,39,133,988
22019001907,393,0,27,19,537
22019001908,280,0,3,12,1083
22019002001,872,0,0,1065,1494
22019002002,1199,0,1,868,1745
22019002100,386,0,2,433,860
22019002204,705,0,1,370,1752
22019002205,579,0,0,350,1931
22019002206,492,0,0,433,1745
22019002207,414,0,0,121,1119
22019002208,259,0,2,311,1095
22019002300,851,0,0,451,1318
22019002401,893,0,21,303,1059
22019002402,804,0,35,176,836
22019002500,867,0,0,282,1346
22019002600,937,0,10,115,1547
22019002701,934,0,0,847,1368
22019002702,2081,0,0,338,989
22019002800,903,0,13,274,959
22019002900,434,0,0,88,626
22019003000,875,0,6,125,1412
22019003101,1052,0,6,113,1571
22019003102,412,0,1,3,766
22019003200,3846,0,0,367,768
22019003300,2233,0,16,591,1588
22019003400,1063,0,0,373,2222
22019003500,995,0,1,177,737
22019003601,1195,0,0,413,1047
22019003602,413,0,13,139,324
22019980000,84,0,0,1,0
22019980100,57,0,0,0,0
22021000100,575,0,0,439,1169
22021000200,603,0,55,532,1251
22021000300,638,0,48,788,1588
22023970101,944,0,28,685,1744
22023970102,1494,0,26,303,383
22023970202,1059,0,101,216,208
22023970203,1033,0,103,245,648
22023990000,27,0,0,0,0
22025000100,1499,0,25,643,1670
22025000200,590,0,32,130,781
22025000300,1860,0,0,776,1462
22027950100,1885,0,0,623,1982
22027950201,416,0,0,161,351
22027950202,751,0,0,179,705
22027950300,477,0,4,116,969
22027950400,610,0,23,98,1438
22027950500,1285,0,1,594,1397
22029000100,794,0,30,391,1449
22029000201,343,0,72,153,688
22029000202,565,0,19,206,805
22029000300,667,0,1,639,1474
22029000400,380,0,28,116,1829
22029000500,1329,0,0,469,1701
22031950101,540,0,6,578,558
22031950102,976,0,7,956,829
22031950103,467,0,13,775,938
22031950200,1383,0,20,511,1780
22031950300,1560,0,2,361,1378
22031950400,626,0,32,91,846
22031950500,706,0,4,210,638
22031950600,509,0,107,146,1007
22031950700,1065,0,0,402,1068
22033000100,133,0,0,8,423
22033000200,353,0,79,7,1683
22033000300,136,0,0,1,533
22033000400,151,0,0,2,1057
22033000500,331,0,0,12,1276
22033000601,99,0,0,12,1111
22033000602,203,0,0,5,1553
22033000701,183,0,0,7,628
22033000702,262,0,1,6,984
22033000900,286,0,0,9,1517
22033001000,249,0,0,8,1155
22033001102,456,0,7,3,454
22033001103,174,0,0,1,791
22033001104,300,0,41,1,223
22033001600,290,0,19,15,1233
22033001700,477,0,16,17,1796
22033001800,196,0,16,10,687
22033001900,196,0,12,1,1191
22033002000,392,0,32,4,1402
22033002200,141,0,2,12,482
22033002300,141,0,7,5,1267
22033002400,191,0,5,8,612
22033002500,175,0,16,13,826
22033002601,196,0,21,9,1715
22033002602,371,0,22,12,1283
22033002700,128,0,0,1,629
22033002801,354,0,0,0,97
22033002802,292,0,2,2,74
22033003000,2649,0,13,19,687
22033003104,592,0,5,78,1357
22033003201,203,0,4,0,1520
22033003202,171,0,0,29,1832
22033003300,415,0,1,14,1339
22033003400,393,0,1,10,1985
22033003501,252,0,15,18,974
22033003504,123,0,1,58,2162
22033003505,351,0,13,14,1323
22033003506,644,0,0,5,2318
22033003507,202,0,0,8,1991
22033003601,542,0,3,0,1106
22033003603,120,0,47,7,656
22033003604,328,0,32,4,1186
22033003701,221,0,3,3,2205
22033003702,87,0,1,3,1194
22033003703,140,0,17,2,2307
22033003804,296,0,115,10,1219
22033003806,397,0,72,5,892
22033003807,236,0,77,8,766
22033003808,187,0,45,17,402
22033003809,292,0,24,10,1013
22033003810,208,0,64,4,1087
22033003811,209,0,14,0,1096
22033003907,271,0,8,13,1480
22033003908,505,0,21,7,1415
22033003909,355,0,23,2,1041
22033003910,495,0,35,0,261
22033003911,42,0,29,0,1282
22033003912,160,0,61,0,275
22033003913,184,0,6,1,1875
22033003914,229,0,36,17,1031
22033004010,110,0,0,7,2058
22033004013,92,0,117,3,442
22033004017,159,0,8,7,1483
22033004018,119,0,7,0,697
22033004019,63,0,27,2,1670
22033004020,301,0,37,26,1441
22033004021,245,0,26,56,1225
22033004022,1297,0,18,5,1403
22033004023,70,0,76,0,86
22033004024,164,0,62,24,666
22033004025,136,0,0,7,810
22033004026,478,0,24,4,2528
22033004027,141,0,0,0,1132
22033004028,133,0,22,1,799
22033004029,133,0,5,0,1156
22033004030,264,0,10,2,832
22033004031,643,0,32,8,1004
22033004201,400,0,75,27,2047
22033004203,478,0,0,113,1095
22033004204,325,0,8,92,1270
22033004205,252,0,2,4,1879
22033004301,527,0,0,441,3360
22033004302,277,0,0,351,2765
22033004401,722,0,0,53,2523
22033004402,360,0,12,54,2588
22033004403,240,0,0,26,2696
22033004503,344,0,5,12,2139
22033004504,509,0,2,5,2041
22033004507,177,0,17,0,1894
22033004509,589,0,15,11,2491
22033004511,245,0,62,2,1091
22033004512,79,0,2,2,879
22033004513,98,0,0,3,1843
22033004514,38,0,0,0,1251
22033004515,164,0,0,57,2015
22033004516,139,0,26,23,1498
22033004602,808,0,0,276,2362
22033004603,880,0,1,139,1811
22033004605,214,0,0,161,2766
22033004606,180,0,1,31,1939
22033004700,751,0,0,642,2857
22033004800,117,0,64,10,708
22033004900,115,0,9,0,1919
22033005000,61,0,0,1,1498
22033005100,492,0,4,16,832
22033005200,356,0,10,14,714
22033005300,400,0,3,21,855
22033980000,94,0,0,0,0
22035000100,627,0,21,193,1028
22035000200,930,0,0,154,787
22035000300,230,0,41,169,564
22037951300,832,0,6,393,1285
22037951400,645,0,1,283,1282
22037951501,289,0,0,104,544
22037951502,1197,0,1,545,2056
22037951600,1132,0,3,574,2090
22039950101,760,0,0,205,1047
22039950102,561,0,1,483,1094
22039950200,411,0,0,221,805
22039950301,238,0,0,198,472
22039950302,897,0,0,343,1416
22039950401,343,0,27,550,593
22039950402,579,0,4,264,1347
22039950500,352,0,0,615,428
22039950600,1083,0,56,253,268
22039950700,929,0,6,144,1861
22039950800,835,0,2,353,1942
22041950100,833,0,0,551,2120
22041950200,899,0,0,578,1983
22041950300,805,0,103,169,1700
22041950400,771,0,0,320,1391
22041950500,527,0,0,302,926
22041950600,447,0,32,169,967
22043020100,1188,0,0,258,682
22043020200,1441,0,0,535,906
22043020300,900,0,6,178,824
22043020403,566,0,2,586,1689
22043020404,547,0,9,249,883
22043020405,1528,0,0,70,182
22043020406,1005,0,0,257,530
22045030101,1337,0,2,4,1421
22045030102,466,0,0,4,877
22045030201,612,0,0,2,1256
22045030202,921,0,1,2,1798
22045030301,1127,0,0,67,1107
22045030303,763,0,0,84,1403
22045030304,620,0,0,17,1037
22045030401,1490,0,0,14,1872
22045030402,770,0,21,11,1115
22045030500,783,0,22,1,1141
22045030601,172,0,0,0,771
22045030602,610,0,0,2,1852
22045030700,529,0,0,1,1318
22045030800,507,0,0,0,326
22045030900,488,0,24,1,595
22045031000,801,0,1,1,508
22045031101,594,0,14,5,637
22045031102,684,0,0,1,455
22045031200,747,0,1,1,1101
22045031301,1062,0,0,0,1805
22045031302,377,0,20,0,645
22045031600,980,0,0,0,1284
22045990000,8,0,0,0,0
22047952600,441,0,0,98,1337
22047952701,488,0,0,141,1555
22047952702,419,0,0,23,1352
22047952901,594,0,0,287,1330
22047952902,208,0,0,67,1057
22047953000,378,0,0,70,1106
22047953101,190,0,0,28,2357
22047953102,630,0,0,96,930
22047953200,1864,0,0,187,2290
22049970100,871,0,4,534,1512
22049970200,733,0,24,349,1891
22049970300,1152,0,6,653,1973
22049970400,429,0,23,167,1345
22049970500,242,0,4,113,893
22051020204,44,0,0,14,1320
22051020205,179,0,53,19,3
22051020206,135,0,26,25,1457
22051020304,68,0,28,22,1720
22051020305,67,0,81,32,1581
22051020400,18,0,0,4,1368
22051020502,224,0,0,276,1461
22051020505,67,0,0,372,217
22051020506,150,0,0,182,1043
22051020507,47,0,13,168,1104
22051020511,58,0,5,310,786
22051020512,83,0,20,60,522
22051020513,142,0,29,181,917
22051020514,95,0,0,42,1622
22051020515,116,0,0,121,945
22051020516,110,0,0,268,871
22051020517,223,0,0,366,914
22051020518,77,0,32,55,1100
22051020519,213,0,0,406,780
22051020600,484,0,79,638,290
22051021000,189,0,1,282,675
22051021100,149,0,0,160,724
22051021200,196,0,4,111,495
22051021300,77,0,0,8,1265
22051021400,2,0,0,1,920
22051021500,70,0,76,3,106
22051021601,106,0,51,67,497
22051021602,18,0,0,6,682
22051022601,87,0,4,182,1027
22051023003,34,0,2,5,1200
22051023004,105,0,21,40,1921
22051023300,19,0,0,0,809
22051023400,30,0,0,0,1349
22051023500,110,0,1,92,1839
22051023600,123,0,24,101,2063
22051023700,125,0,8,242,545
22051023800,125,0,59,237,973
22051023901,70,0,28,49,1010
22051023902,43,0,0,19,1100
22051023903,55,0,1,7,1053
22051023904,75,0,14,39,961
22051024001,104,0,0,315,883
22051024002,22,0,0,513,973
22051024100,121,0,0,731,660
22051024202,881,0,95,56,46
22051024300,292,0,18,119,1024
22051024400,148,0,6,105,996
22051024500,139,0,39,194,321
22051024601,93,0,6,119,380
22051024700,91,0,15,40,512
22051024801,155,0,7,136,1093
22051024900,307,0,13,76,537
22051025002,40,0,4,40,1076
22051025003,42,0,15,32,1278
22051025004,99,0,61,89,482
22051025005,29,0,1,108,1154
22051025102,122,0,9,40,1543
22051025103,130,0,6,15,1220
22051025104,29,0,37,40,809
22051025201,129,0,62,58,382
22051025202,123,0,133,77,1131
22051025300,96,0,0,134,654
22051025400,197,0,34,454,576
22051025500,72,0,2,477,400
22051025600,111,0,0,413,229
22051025700,199,0,0,398,50
22051025800,154,0,1,563,118
22051025900,290,0,6,666,250
22051026000,385,0,9,117,780
22051026100,112,0,157,123,811
22051026200,235,0,9,201,278
22051026300,429,0,1,90,983
22051026400,22,0,1,6,705
22051026500,98,0,0,83,577
22051026600,189,0,7,97,857
22051026700,216,0,2,97,625
22051026800,130,0,38,207,717
22051026900,203,0,5,174,1023
22051027000,144,0,19,224,2094
22051027100,129,0,24,662,467
22051027200,304,0,0,1202,1023
22051027501,701,0,0,136,2531
22051027502,66,0,1,50,1295
22051027601,147,0,9,26,1857
22051027602,170,0,1,487,729
22051027701,125,0,0,174,1801
22051027703,47,0,28,128,1125
22051027803,246,0,53,178,441
22051027806,159,0,6,103,2516
22051027810,22,0,0,0,1366
22051027811,20,0,41,4,1013
22051027812,28,0,27,17,1148
22051027813,20,0,67,83,1064
22051027814,38,0,15,37,1267
22051027815,120,0,34,105,298
22051027816,113,0,9,51,2115
22051027817,58,0,0,162,2088
22051027818,325,0,0,123,1236
22051027819,30,0,0,217,702
22051027820,27,0,0,42,1886
22051027903,1569,0,1,1021,78
22051027904,1674,0,0,418,665
22051028000,252,0,0,433,1797
22051028200,897,0,13,516,1262
22051028300,822,0,0,781,73
22051028400,86,0,3,22,2448
22051028500,114,0,6,177,1516
22051028600,163,0,9,220,1057
22051028700,115,0,116,51,292
22051028800,203,0,21,42,282
22051028900,557,0,15,253,1585
22051029000,153,0,18,159,1128
22051029100,186,0,11,52,1434
22051029200,140,0,33,244,1438
22051029300,147,0,26,235,1381
22051029400,98,0,6,94,1599
22051029500,112,0,7,93,1785
22051029600,38,0,107,65,465
22051029700,99,0,29,46,397
22051029800,196,0,123,64,622
22051029900,101,0,102,51,90
22051030000,80,0,13,75,903
22051030100,133,0,75,28,1709
22051030200,47,0,44,17,1547
22051030300,391,0,58,78,294
22051980000,176,0,0,12,0
22051990000,6,0,0,0,0
22051990100,1,0,0,0,0
22053000100,2857,0,0,1222,355
22053000200,3201,0,0,1204,212
22053000300,3502,0,0,145,104
22053000401,1806,0,3,39,2
22053000402,2866,0,0,494,120
22053000500,1028,0,0,754,685
22053000600,1680,0,0,86,25
22053000700,1104,0,0,38,25
22055000100,380,0,2,11,685
22055000200,245,0,1,11,864
22055000500,183,0,42,0,1028
22055000602,333,0,18,22,1469
22055000603,398,0,53,105,597
22055000605,161,0,20,12,374
22055000606,112,0,59,4,1046
22055000700,553,0,97,66,819
22055000800,224,0,0,16,1046
22055000900,82,0,23,11,552
22055001001,968,0,17,686,1671
22055001002,294,0,37,19,803
22055001003,117,0,7,52,1713
22055001100,321,0,35,79,1895
22055001201,167,0,36,111,1042
22055001202,343,0,9,26,1421
22055001301,91,0,7,59,568
22055001302,194,0,12,4,1060
22055001403,243,0,78,240,1628
22055001408,1607,0,0,150,843
22055001412,201,0,76,8,1726
22055001413,172,0,10,72,1524
22055001414,246,0,0,107,2293
22055001415,421,0,0,226,1722
22055001416,103,0,0,27,1318
22055001417,481,0,25,211,2182
22055001418,148,0,35,30,986
22055001419,291,0,22,123,1501
22055001420,254,0,74,8,539
22055001421,182,0,74,3,570
22055001422,88,0,26,6,491
22055001423,139,0,6,20,1321
22055001424,243,0,7,68,2467
22055001425,990,0,41,246,1643
22055001426,422,0,7,291,2755
22055001427,656,0,7,411,2860
22055001428,691,0,14,203,2005
22055001500,294,0,39,10,1836
22055001600,49,0,3,0,1362
22055001700,182,0,8,6,2443
22055001801,91,0,68,1,721
22055001802,172,0,34,0,1186
22055001903,354,0,6,352,1682
22055001904,207,0,54,67,1225
22055001905,854,0,60,420,2143
22055001906,296,0,0,522,2037
22055001907,264,0,0,396,1142
22055001908,326,0,51,137,1484
22055001909,158,0,0,483,857
22055002001,563,0,0,686,2062
22055002003,388,0,1,552,948
22055002004,297,0,0,338,1272
22055002101,364,0,21,517,2326
22055002102,478,0,0,494,2178
22055002103,701,0,15,295,1941
22055002105,341,0,1,252,1547
22055002106,381,0,0,442,1532
22055002200,446,0,54,9,960
22057020100,245,0,85,32,1131
22057020202,154,0,70,132,1439
22057020400,230,0,147,44,515
22057020500,441,0,227,231,1860
22057020600,135,0,38,17,781
22057020702,863,0,80,184,1357
22057020703,486,0,115,199,2058
22057020704,730,0,147,515,2136
22057020800,686,0,70,364,1502
22057020900,233,0,112,146,857
22057021000,675,0,283,282,1217
22057021101,818,0,607,308,756
22057021102,440,0,187,332,1670
22057021200,1027,0,135,375,1614
22057021300,288,0,102,215,785
22057021400,622,0,109,233,1812
22057021500,579,0,191,340,1695
22057021602,365,0,44,231,1731
22057021603,537,0,147,399,1194
22057021604,272,0,61,99,1628
22057021700,433,0,150,248,1133
22057021800,385,0,91,340,1737
22057021902,434,0,58,403,1998
22057021903,212,0,53,624,1653
22057021904,283,0,47,161,617
22057022000,189,0,122,8,526
22059970100,1358,0,17,315,1435
22059970200,1429,0,13,352,1959
22059970300,2040,0,6,533,2040
22061960100,631,0,7,584,2057
22061960200,795,0,4,917,1818
22061960300,461,0,61,134,1161
22061960401,349,0,63,9,648
22061960402,107,0,3,2,1006
22061960500,522,0,66,57,1448
22061960600,538,0,38,453,1509
22061960701,625,0,0,696,1730
22061960702,379,0,2,321,1276
22061960800,300,0,133,155,845
22061960900,246,0,91,16,533
22061961000,362,0,70,361,1425
22063040101,470,0,25,357,1025
22063040102,337,0,23,387,1162
22063040103,442,0,6,771,1293
22063040202,517,0,5,680,1589
22063040203,152,0,0,421,759
22063040204,413,0,7,562,1283
22063040304,226,0,5,801,1743
22063040305,216,0,1,695,1639
22063040306,278,0,3,278,1942
22063040307,106,0,1,151,1543
22063040308,154,0,1,444,2032
22063040403,155,0,4,564,747
22063040404,303,0,19,192,1056
22063040405,301,0,20,452,610
22063040406,222,0,14,372,1889
22063040501,236,0,44,453,571
22063040502,148,0,2,411,1988
22063040503,312,0,24,406,740
22063040601,333,0,14,127,1459
22063040602,294,0,13,182,1363
22063040700,453,0,21,36,1248
22063040805,286,0,30,306,1355
22063040807,186,0,0,444,633
22063040808,205,0,1,349,1914
22063040809,318,0,0,523,1153
22063040810,411,0,1,582,1211
22063040811,130,0,10,214,814
22063040812,157,0,14,276,2048
22063040813,56,0,4,295,894
22063040814,105,0,0,468,1489
22063040903,288,0,12,664,969
22063040904,663,0,11,479,1725
22063040905,731,0,5,565,1570
22063040906,476,0,6,316,1159
22065960100,886,0,0,371,409
22065960200,2145,0,4,99,218
22065960300,282,0,32,380,220
22065960400,162,0,13,449,126
22065960500,266,0,0,298,491
22067950100,605,0,62,322,1036
22067950200,758,0,37,523,2345
22067950300,301,0,40,181,1256
22067950400,212,0,52,49,920
22067950500,398,0,82,141,1210
22067950600,821,0,70,375,1374
22067950700,406,0,19,356,1370
22067950800,367,0,24,116,1323
22069000100,612,0,0,472,1174
22069000200,812,0,9,624,1285
22069000300,979,0,9,663,2242
22069000400,495,0,49,214,1058
22069000500,330,0,6,19,1790
22069000601,539,0,109,125,241
22069000602,431,0,141,242,1061
22069000700,416,0,70,42,951
22069000800,793,0,8,745,1920
22069000901,495,0,8,507,1144
22069000902,758,0,5,337,1466
22071000100,83,0,425,25,394
22071000200,99,0,176,14,214
22071000300,92,0,142,20,287
22071000400,122,0,220,44,586
22071000601,147,0,42,18,91
22071000602,74,0,154,37,777
22071000603,50,0,77,23,92
22071000604,82,0,155,78,915
22071000605,308,0,70,12,572
22071000606,45,0,5,4,1758
22071000607,39,0,1,3,1749
22071000611,79,0,131,37,1001
22071000612,345,0,3,29,655
22071000615,91,0,32,3,612
22071000616,73,0,23,24,1292
22071000617,13,0,125,20,359
22071000618,51,0,26,30,1448
22071000619,79,0,13,61,493
22071000620,69,0,38,3,0
22071000701,94,0,73,15,314
22071000702,149,0,261,34,375
22071000800,77,0,215,35,369
22071000901,185,0,61,30,305
22071000902,90,0,43,23,163
22071000903,100,0,73,37,215
22071000904,107,0,82,41,282
22071001100,190,0,318,46,329
22071001200,114,0,361,53,245
22071001301,93,0,361,51,373
22071001302,33,0,215,19,213
22071001401,128,0,142,47,470
22071001402,86,0,247,45,579
22071001500,147,0,182,34,180
22071001600,27,0,9,0,1
22071001701,154,0,1,5,802
22071001702,227,0,4,5,990
22071001720,339,0,253,26,854
22071001723,125,0,9,1,1733
22071001724,148,0,266,33,1213
22071001736,153,0,79,3,219
22071001737,62,0,67,11,755
22071001739,40,0,29,25,597
22071001740,41,0,45,20,1166
22071001741,21,0,0,0,491
22071001743,51,0,56,10,455
22071001744,74,0,260,30,418
22071001745,36,0,161,17,954
22071001746,59,0,72,50,1380
22071001747,201,0,0,17,1589
22071001748,78,0,3,1,1545
22071001749,71,0,155,4,351
22071001750,90,0,122,35,299
22071001751,1143,0,19,57,36
22071001752,123,0,213,17,660
22071001753,121,0,164,32,571
22071001754,30,0,81,10,725
22071001755,64,0,203,3,909
22071001756,37,0,55,0,189
22071001757,16,0,10,0,268
22071001758,507,0,7,12,775
22071001800,102,0,275,43,174
22071001900,47,0,286,27,217
22071002000,76,0,250,54,185
22071002100,32,0,187,27,184
22071002200,51,0,221,24,220
22071002300,227,0,244,63,552
22071002401,27,0,132,20,636
22071002402,39,0,358,45,705
22071002501,75,0,160,31,613
22071002502,69,0,165,11,737
22071002503,36,0,98,7,736
22071002504,36,0,197,9,762
22071002600,101,0,256,45,108
22071002700,94,0,292,21,144
22071002800,68,0,239,52,180
22071002900,66,0,228,28,180
22071003000,58,0,215,22,218
22071003100,48,0,184,28,295
22071003301,74,0,11,19,941
22071003302,63,0,43,49,1375
22071003303,34,0,268,15,492
22071003304,71,0,241,17,536
22071003307,27,0,143,25,394
22071003308,172,0,187,29,1082
22071003400,69,0,256,30,143
22071003500,39,0,244,33,166
22071003600,62,0,283,40,186
22071003701,91,0,68,33,507
22071003702,207,0,592,83,491
22071003800,70,0,171,56,114
22071003900,102,0,176,42,101
22071004000,90,0,295,76,199
22071004100,45,0,227,18,264
22071004401,101,0,262,34,161
22071004402,135,0,3,11,1
22071004500,66,0,431,41,265
22071004600,39,0,460,58,391
22071004800,22,0,16,45,0
22071004900,207,0,245,34,174
22071005000,166,0,207,16,120
22071005400,146,0,292,14,167
22071005500,277,0,333,29,791
22071005601,57,0,166,27,1014
22071005602,59,0,178,28,1169
22071005603,37,0,169,25,564
22071005604,58,0,94,5,757
22071006000,137,0,51,4,22
22071006300,57,0,272,20,109
22071006400,70,0,425,40,215
22071006500,120,0,436,33,214
22071006900,100,0,49,107,10
22071007000,234,0,36,2,48
22071007101,133,0,122,15,60
22071007200,219,0,223,17,133
22071007501,81,0,240,28,650
22071007502,74,0,368,31,565
22071007604,112,0,29,13,798
22071007605,49,0,173,22,205
22071007607,62,0,251,22,722
22071007608,107,0,94,17,275
22071007700,166,0,84,4,41
22071007800,54,0,120,36,72
22071008200,61,0,117,22,59
22071008300,42,0,133,26,165
22071008400,49,0,111,13,59
22071008500,87,0,194,18,89
22071008600,101,0,155,13,91
22071008800,24,0,261,20,184
22071009000,45,0,125,35,359
22071009100,49,0,243,40,145
22071009200,79,0,184,20,127
22071009400,124,0,189,13,161
22071009600,61,0,180,26,190
22071009700,72,0,151,13,218
22071009900,166,0,333,30,314
22071010000,78,0,220,25,152
22071010100,35,0,240,32,232
22071010200,70,0,280,7,190
22071010300,53,0,318,146,279
22071010600,43,0,200,32,233
22071010700,55,0,216,43,275
22071010800,34,0,147,23,327
22071010900,64,0,422,12,445
22071011100,82,0,278,12,238
22071011200,7,0,204,3,283
22071011400,54,0,237,18,450
22071011500,39,0,169,41,326
22071011600,34,0,112,25,377
22071011700,30,0,186,74,772
22071011900,11,0,217,31,313
22071012000,127,0,93,18,366
22071012101,49,0,262,15,319
22071012102,163,0,112,15,194
22071012200,22,0,209,9,571
22071012300,25,0,317,4,351
22071012400,26,0,194,9,391
22071012500,46,0,167,63,309
22071012600,85,0,214,78,322
22071012700,22,0,370,22,375
22071012800,33,0,283,8,358
22071012900,150,0,171,37,299
22071013000,41,0,252,16,277
22071013100,34,0,203,15,349
22071013200,115,0,373,21,461
22071013301,56,0,58,44,1460
22071013302,222,0,0,3,779
22071013400,339,0,30,21,5
22071013501,97,0,130,66,59
22071013502,110,0,21,17,8
22071013600,61,0,168,27,179
22071013701,187,0,51,34,475
22071013702,240,0,16,124,66
22071013800,160,0,129,50,227
22071013900,143,0,94,43,26
22071014000,139,0,94,44,84
22071014101,118,0,65,44,64
22071014102,45,0,37,27,21
22071014200,129,0,245,18,259
22071014300,180,0,132,28,89
22071014400,165,0,248,20,221
22071014500,13,0,0,17,2
22071980000,194,0,0,9,0
22071980100,140,0,0,6,0
22071990000,4,0,0,0,0
22073000100,224,0,312,6,1249
22073000200,115,0,375,1,1789
22073000401,158,0,100,0,329
22073000402,100,0,162,1,359
22073000500,176,0,234,171,632
22073000600,257,0,544,28,553
22073000700,143,0,255,15,266
22073000900,62,0,183,3,148
22073001100,214,0,353,25,536
22073001400,165,0,302,9,339
22073001500,73,0,187,6,249
22073001700,472,0,353,2,800
22073005100,193,0,113,71,809
22073005201,151,0,32,93,1520
22073005203,139,0,58,31,1003
22073005204,162,0,37,192,2224
22073005303,194,0,26,174,893
22073005304,335,0,104,236,1376
22073005305,253,0,136,160,631
22073005306,108,0,59,48,919
22073005400,126,0,97,36,717
22073005500,435,0,188,38,860
22073005800,796,0,56,252,838
22073005900,383,0,16,462,732
22073010101,271,0,74,303,1319
22073010103,161,0,125,138,894
22073010104,327,0,119,115,773
22073010202,427,0,257,139,2552
22073010203,70,0,214,6,282
22073010204,104,0,267,2,836
22073010301,77,0,177,2,1052
22073010302,594,0,181,103,1222
22073010401,642,0,11,757,2036
22073010402,824,0,58,1042,2103
22073010502,521,0,15,772,1896
22073010503,298,0,2,532,683
22073010505,477,0,37,731,2108
22073010506,365,0,13,666,1251
22073010604,309,0,31,262,736
22073010605,279,0,228,93,712
22073010606,367,0,72,126,338
22073010700,128,0,328,8,333
22073010800,622,0,399,8,320
22073010900,188,0,565,26,726
22073011000,252,0,325,68,1073
22073011100,433,0,234,49,869
22073980000,82,0,0,0,0
22075050100,1374,0,18,147,556
22075050201,528,0,37,128,1609
22075050202,836,0,138,39,1507
22075050300,1083,0,102,99,647
22075050400,1274,0,234,306,1154
22075050500,409,0,3,300,150
22075050600,566,0,4,241,187
22075050700,470,0,5,328,223
22075050800,1230,0,36,288,207
22075990000,75,0,0,0,0
22077951900,702,0,6,290,1985
22077952000,1117,0,0,314,1183
22077952100,1079,0,11,373,2572
22077952201,291,0,0,140,591
22077952202,1211,0,4,645,1108
22077952300,284,0,42,15,575
22077952400,1140,0,7,587,2088
22079010101,415,0,6,277,1933
22079010102,852,0,12,889,2372
22079010300,336,0,14,652,1666
22079010400,258,0,0,136,1269
22079010501,373,0,30,155,958
22079010502,716,0,57,291,1078
22079010600,1119,0,1,759,1525
22079010701,694,0,45,291,1098
22079010702,263,0,0,191,878
22079011000,114,0,16,4,752
22079011300,458,0,4,212,989
22079011501,235,0,12,56,1360
22079011502,313,0,63,53,1107
22079011600,146,0,15,5,842
22079011700,399,0,32,42,611
22079012000,210,0,0,17,564
22079012100,173,0,7,8,1051
22079012200,170,0,68,7,1336
22079012301,126,0,56,26,2028
22079012302,158,0,51,2,1373
22079012400,244,0,74,3,1463
22079012500,283,0,37,72,2167
22079012600,192,0,11,7,826
22079012700,330,0,94,109,781
22079012800,193,0,3,35,410
22079012900,195,0,26,19,690
22079013000,129,0,0,29,880
22079013100,243,0,11,190,828
22079013201,481,0,25,549,2730
22079013202,360,0,0,308,1177
22079013300,1365,0,21,524,2673
22079013400,707,0,35,279,1614
22079013501,1210,0,0,930,1695
22079013502,676,0,29,555,997
22079013600,780,0,0,585,1112
22079013700,745,0,25,360,1603
22079013800,708,0,58,97,1157
22079013900,495,0,3,59,793
22079980000,123,0,0,0,0
22081960100,1922,0,0,902,2128
22081960300,861,0,87,256,1259
22083970100,633,0,50,58,934
22083970200,846,0,0,292,820
22083970300,903,0,2,387,1380
22083970400,688,0,8,280,1061
22083970500,985,0,77,149,1389
22083970600,1356,0,7,508,1673
22085000100,740,0,9,601,1437
22085000201,692,0,0,539,645
22085000202,710,0,0,419,741
22085000300,445,0,1,245,454
22085000400,1144,0,6,881,2232
22085000500,670,0,62,194,916
22085000600,1032,0,30,626,2211
22085000701,899,0,1,1128,1148
22085000702,794,0,0,553,938
22087030103,343,0,1,141,1446
22087030104,353,0,0,156,708
22087030105,869,0,0,45,283
22087030203,453,0,21,8,987
22087030204,407,0,13,25,1003
22087030206,78,0,0,1,792
22087030207,81,0,42,1,1333
22087030208,152,0,0,0,709
22087030209,204,0,27,5,801
22087030300,136,0,20,2,618
22087030400,451,0,4,7,656
22087030500,91,0,5,1,723
22087030601,130,0,5,1,380
22087030602,219,0,21,5,993
22087030603,27,0,1,0,309
22087030700,157,0,6,9,739
22087030800,263,0,32,4,1328
22087990000,10,0,0,0,0
22089060100,227,0,0,100,775
22089062100,684,0,49,101,1437
22089062200,800,0,0,23,727
22089062301,113,0,18,3,1935
22089062302,258,0,3,21,1544
22089062400,969,0,0,62,387
22089062500,512,0,0,42,981
22089062700,1446,0,0,79,1300
22089062800,467,0,1,259,1746
22089062900,491,0,4,26,985
22089063000,232,0,1,54,528
22089063100,194,0,6,31,2848
22089063200,918,0,4,290,1928
22091951100,3312,0,0,152,69
22091951201,3336,0,0,91,19
22091951202,2217,0,10,41,11
22093040100,348,0,19,285,1215
22093040200,204,1,34,256,1157
22093040300,221,46,14,266,1667
22093040400,1055,15,34,217,872
22093040500,673,7,5,225,794
22093040600,298,9,13,281,920
22093040700,252,9,4,345,1609
22095070100,253,0,0,142,1163
22095070200,133,0,3,399,2001
22095070300,94,0,19,339,1877
22095070400,114,0,6,162,1336
22095070500,246,0,0,549,1679
22095070600,408,0,0,302,937
22095070700,917,0,0,514,1261
22095070800,299,0,0,219,592
22095070900,309,0,5,301,795
22095071000,349,0,1,343,977
22095071100,540,0,3,616,920
22097960100,1056,0,7,293,734
22097960200,1364,0,55,442,1907
22097960300,1354,0,27,530,1114
22097960400,1451,0,3,396,659
22097960500,1343,0,3,644,1897
22097960601,1141,0,13,588,1737
22097960602,586,0,9,281,635
22097960701,594,0,11,461,896
22097960702,910,0,12,576,1384
22097960800,1152,0,9,346,1548
22097960901,484,0,6,24,378
22097960902,437,0,42,28,378
22097961000,543,0,4,29,347
22097961100,694,0,25,56,709
22097961200,1284,0,9,997,1937
22097961301,524,0,31,79,326
22097961302,895,0,23,190,401
22097961401,491,0,4,54,418
22097961402,424,0,12,32,218
22097961501,400,0,45,104,166
22097961502,576,0,15,20,908
22097961601,684,0,34,124,333
22097961602,355,0,24,96,245
22097961701,941,0,38,387,1613
22097961702,670,0,22,477,1024
22097961801,1415,0,16,860,2203
22097961802,552,0,7,537,673
22097961900,926,0,30,191,1011
22099020101,992,0,16,471,1421
22099020102,646,0,5,163,891
22099020201,895,0,13,679,2531
22099020202,208,0,5,299,539
22099020301,495,0,26,564,1833
22099020303,706,0,22,647,2002
22099020304,420,0,14,359,1051
22099020401,736,0,44,502,1711
22099020402,239,0,5,198,607
22099020502,434,0,79,146,1363
22099020503,451,0,8,126,1003
22099020504,351,0,25,221,893
22099020601,893,0,11,246,1232
22099020602,441,0,24,134,1091
22099020800,441,0,7,248,1391
22099020900,255,0,4,110,813
22099021000,888,0,0,221,636
22101040100,1284,0,1,73,523
22101040200,579,0,0,24,1462
22101040300,899,0,0,18,782
22101040400,491,0,0,22,1195
22101040500,826,0,0,41,1329
22101040600,687,0,0,54,1341
22101040700,474,0,0,40,1107
22101040800,731,0,0,46,1575
22101040900,1020,0,0,104,1227
22101041000,1086,0,29,75,1725
22101041100,741,0,8,45,1068
22101041200,416,0,0,15,634
22101041300,290,0,2,29,689
22101041400,691,0,0,48,1102
22101041500,272,0,0,9,693
22101041600,313,0,6,60,507
22101990000,1,0,0,0,0
22103040103,2586,0,0,12,1139
22103040105,601,0,1,29,2343
22103040106,1244,0,0,505,708
22103040107,1004,0,0,8,1593
22103040108,1073,0,0,173,768
22103040203,1780,0,0,10,1187
22103040204,749,0,0,79,2025
22103040205,1546,0,0,9,1302
22103040206,1320,0,0,3,1023
22103040304,182,0,143,10,2433
22103040306,182,0,78,11,1284
22103040307,110,0,42,4,1192
22103040308,314,0,7,8,2941
22103040309,90,0,0,25,4022
22103040401,226,0,19,10,2934
22103040402,72,0,5,2,1165
22103040501,458,0,14,10,1293
22103040502,558,0,0,22,1484
22103040601,41,0,0,57,1422
22103040602,151,0,2,0,1240
22103040606,146,0,7,17,1616
22103040607,186,0,108,8,1419
22103040608,295,0,9,11,1111
22103040609,170,0,9,12,1495
22103040705,511,0,28,166,1661
22103040706,361,0,0,202,1877
22103040708,254,0,0,39,2144
22103040709,121,0,0,42,1461
22103040710,126,0,29,31,1960
22103040711,384,0,3,27,693
22103040712,733,0,6,105,1930
22103040713,758,0,3,131,1431
22103040714,682,0,0,92,473
22103040801,1349,0,0,58,176
22103040804,34,0,1,31,1009
22103040805,94,0,8,64,1448
22103040806,104,0,9,33,1983
22103040807,807,0,0,65,1349
22103040900,1138,0,27,106,79
22103041002,1064,0,5,62,102
22103041003,1075,0,0,313,552
22103041004,1464,0,0,23,204
22103041101,272,0,0,44,1620
22103041103,718,0,0,140,727
22103041104,940,0,0,51,311
22103041105,903,0,0,59,1198
22103041106,192,0,0,31,533
22103041202,508,0,0,63,1186
22103041207,164,0,15,10,1479
22103041208,18,0,0,3,1516
22103041209,109,0,15,16,1683
22103041210,74,0,0,14,1080
22103041211,299,0,0,18,2160
22103041212,140,0,1,21,1233
22103041213,1014,0,26,93,2195
22103041214,347,0,0,59,1451
22103041301,74,0,11,3,1593
22103041302,87,0,87,0,1134
22103990000,20,0,0,0,0
22105953200,745,0,6,57,1217
22105953300,877,0,80,48,1662
22105953401,608,0,19,2,1250
22105953402,339,0,102,13,763
22105953501,1211,0,4,6,1948
22105953502,921,0,9,0,2038
22105953601,404,0,41,7,686
22105953602,638,0,46,3,1233
22105953701,721,0,26,6,2989
22105953702,1135,0,104,2,3540
22105953800,740,0,55,2,2273
22105953901,455,0,232,11,1344
22105953902,344,0,172,6,1680
22105954001,351,0,121,3,1018
22105954003,507,0,57,0,1321
22105954004,331,0,74,0,1262
22105954103,396,0,120,7,1473
22105954104,330,0,68,1,520
22105954105,523,0,60,33,1825
22105954106,420,0,74,6,2167
22105954200,283,0,158,3,817
22105954300,487,0,125,4,889
22105954400,238,0,176,1,929
22105954503,621,0,254,129,735
22105954504,346,0,44,4,949
22105954505,522,0,98,6,2069
22105954506,127,0,77,1,502
22105954601,734,0,69,20,3426
22105954602,670,0,19,9,3371
22105954700,479,0,78,13,2040
22105954800,664,0,66,3,2612
22107000100,748,0,7,219,1719
22107000200,527,0,0,49,1130
22107000300,482,0,18,97,1054
22109000103,977,0,32,257,930
22109000104,460,0,175,202,359
22109000105,104,0,4,68,387
22109000106,329,0,5,293,928
22109000201,274,0,16,341,853
22109000203,274,0,72,174,1206
22109000204,480,0,10,181,581
22109000300,392,0,40,241,1035
22109000401,457,0,65,175,911
22109000402,103,0,43,45,1105
22109000501,331,0,2,88,662
22109000502,629,0,26,125,844
22109000601,713,0,29,262,597
22109000602,482,0,21,95,831
22109000701,293,0,9,76,862
22109000702,541,0,38,87,738
22109000800,426,0,51,206,1879
22109000901,305,0,51,75,1089
22109000902,276,0,22,16,645
22109001001,431,0,211,264,499
22109001002,409,0,44,524,1410
22109001100,535,0,74,468,1062
22109001201,205,0,3,194,810
22109001202,1210,0,7,467,1563
22109001301,110,0,0,640,176
22109001302,185,0,1,104,501
22109001303,1269,0,11,246,1010
22109001400,1227,0,9,355,1182
22109001501,54,0,0,25,796
22109001502,561,0,1,151,1840
22109001600,517,0,3,338,1270
22109001701,271,0,1,86,826
22109001702,710,0,82,62,1564
22109001703,239,0,34,12,1713
22109990000,8,0,0,0,0
22111960100,3459,0,24,114,265
22111960200,2686,0,2,228,282
22111960300,2575,0,2,102,271
22111960400,1865,0,29,66,76
22111960500,3580,0,0,217,260
22111960600,3392,0,0,104,139
22113950101,1765,0,14,138,699
22113950102,1248,0,8,71,770
22113950103,1770,0,15,240,900
22113950201,1517,0,31,89,799
22113950202,1513,0,33,98,824
22113950400,1285,0,78,137,1483
22113950500,2718,0,11,291,1774
22113950600,1043,0,35,71,939
22113950700,1068,0,11,100,938
22113950800,987,0,30,167,1104
22113950901,1293,0,2,78,790
22113950903,956,0,0,67,569
22113950904,1646,0,19,400,1498
22113951001,1666,0,14,199,709
22113951002,2146,0,2,120,604
22113951100,2072,0,61,133,528
22113990000,8,0,0,0,0
22115950100,1326,0,0,734,2786
22115950200,1098,0,3,706,2407
22115950301,769,0,0,456,1370
22115950302,396,0,0,247,681
22115950400,673,0,28,136,853
22115950501,519,0,13,29,1094
22115950502,274,0,0,62,885
22115950600,731,0,1,242,944
22115950701,1649,0,0,29,60
22115950702,483,0,0,0,0
22115950703,341,0,0,0,0
22115950704,597,0,0,0,0
22115950801,1026,0,2,377,1076
22115950802,369,0,0,336,779
22115950901,534,0,0,474,913
22115950902,904,0,0,365,1810
22117950101,396,0,0,273,1334
22117950102,463,0,0,397,1937
22117950201,364,0,0,450,1568
22117950202,269,0,0,298,1148
22117950300,505,0,0,411,1750
22117950400,486,0,0,619,2079
22117950501,295,0,0,515,1761
22117950502,440,0,0,230,1396
22117950600,498,0,0,509,2526
22117950700,309,0,0,33,2107
22117950800,294,0,2,16,1571
22117950900,268,0,4,9,427
22117951000,299,0,0,122,1553
22119031100,604,0,0,16,1524
22119031200,590,0,18,8,1678
22119031300,458,0,33,33,2244
22119031400,689,0,5,29,1979
22119031501,686,0,4,40,2285
22119031502,948,0,8,86,1324
22119031600,339,0,2,48,1767
22119031700,491,0,57,59,963
22119031800,135,0,18,0,1143
22119031900,356,0,21,13,1002
22119032000,446,0,34,3,1432
22119032101,660,0,10,50,1584
22119032102,725,0,5,49,2657
22121020100,362,0,22,55,1741
22121020200,1063,0,29,401,774
22121020301,237,0,0,592,1310
22121020302,467,0,2,454,1189
22121020401,667,0,35,559,1690
22121020402,799,0,46,358,2267
22123000100,681,0,14,511,2468
22123000200,744,0,5,631,2291
22123000300,600,0,0,356,1320
22125951703,45,0,0,0,3
22125951704,202,0,0,94,644
22125951705,229,0,0,227,660
22125951801,163,0,9,113,807
22125951802,105,0,0,119,514
22125951803,449,0,47,65,1234
22125980000,400,0,0,212,1
22127960100,3698,0,5,39,42
22127960201,2063,0,0,111,51
22127960202,2095,0,0,8,20
22127960300,1575,0,0,25,12
22127960400,1027,0,15,26,7
