CENSUSCODE,OTHER_OTHER,RESIDENTIAL_MULTI FAMILY,RESIDENTIAL_OTHER,RESIDENTIAL_SINGLE FAMILY
51001090101,499,22,22,1998
51001090102,607,26,19,2141
51001090201,646,1,71,2206
51001090202,900,2,69,1544
51001090300,438,1,0,1555
51001090401,542,0,0,1336
51001090402,656,4,24,1299
51001090500,524,11,3,1630
51001090600,608,15,6,2589
51001090700,923,9,2,2964
51001090800,640,4,6,2047
51001980100,21,0,0,0
51001980200,184,0,0,0
51001990200,2,0,0,0
51003010100,306,2,166,3963
51003010201,149,0,20,2202
51003010202,87,1,4,1948
51003010301,278,4,6,292
51003010302,12,0,3,473
51003010303,93,30,142,1573
51003010401,241,2,98,2894
51003010402,177,9,34,1696
51003010501,37,14,19,1059
51003010502,147,76,48,137
51003010602,43,32,3,894
51003010603,51,43,15,179
51003010604,82,14,0,1141
51003010701,49,37,2,154
51003010702,235,48,6,508
51003010801,24,107,20,493
51003010802,171,46,3,518
51003010901,109,12,1,14
51003010904,256,0,0,28
51003011000,225,31,4,3296
51003011101,131,4,29,1107
51003011102,83,1,2,873
51003011103,99,28,7,1437
51003011201,192,1,71,2375
51003011202,140,4,48,1847
51003011301,178,19,260,2878
51003011302,51,63,284,199
51003011303,144,29,12,801
51003011400,283,10,193,2599
51005070100,453,15,88,1235
51005080100,656,1,311,1917
51005080201,414,10,150,1469
51005080202,319,0,243,1603
51005080301,349,1,196,1267
51005080302,325,2,251,1158
51007930101,972,3,3,1396
51007930102,1808,0,9,2553
51007930200,2335,5,5,3591
51009010100,1113,1,686,3280
51009010201,664,50,120,1772
51009010202,443,4,392,1070
51009010300,300,1,103,1717
51009010401,244,6,415,959
51009010402,241,37,120,1110
51009010504,252,21,137,1457
51009010505,167,5,61,338
51009010506,195,15,84,527
51009010600,279,14,438,1011
51011040101,581,12,389,1617
51011040102,763,31,255,1573
51011040200,1319,1,1048,1976
51011040300,1378,0,1102,1687
51013100100,31,1,1,1737
51013100200,70,1,0,2226
51013100300,47,0,0,2147
51013100400,18,0,2,1342
51013100500,59,8,2,1456
51013100600,37,31,1,789
51013100700,48,29,4,1197
51013100800,24,16,1,445
51013100900,33,55,0,1259
51013101000,34,13,0,973
51013101100,43,7,2,1611
51013101200,20,7,4,1090
51013101300,42,34,0,2115
51013101401,19,12,1,109
51013101402,32,24,15,258
51013101405,16,2,1,0
51013101406,24,15,0,7
51013101407,9,10,0,0
51013101408,13,1,0,0
51013101409,9,1,2,0
51013101501,5,35,2,54
51013101502,53,25,4,526
51013101503,39,25,2,500
51013101601,12,26,1,124
51013101602,7,30,0,5
51013101603,33,40,1,41
51013101701,22,40,1,12
51013101703,3,51,4,14
51013101704,3,9,0,0
51013101705,29,37,2,8
51013101801,13,25,0,124
51013101803,28,62,22,699
51013101804,6,18,0,65
51013101805,20,18,1,11
51013101900,41,31,1,857
51013102001,4,33,0,16
51013102002,4,38,1,93
51013102003,29,140,1,79
51013102100,19,5,1,672
51013102200,16,72,0,258
51013102301,37,0,0,433
51013102302,47,26,4,822
51013102400,20,65,1,766
51013102500,53,47,1,480
51013102600,10,28,0,658
51013102701,5,70,0,65
51013102702,0,39,0,113
51013102802,45,54,0,281
51013102803,17,16,0,166
51013102804,4,21,0,394
51013102901,35,177,6,53
51013102903,42,27,65,7
51013102904,23,35,1,0
51013103000,3,274,8,30
51013103100,72,39,10,790
51013103200,66,65,2,234
51013103300,4,30,1,227
51013103401,195,0,0,0
51013103403,26,2,2,0
51013103404,24,8,1,0
51013103405,47,6,4,0
51013103501,0,17,0,18
51013103503,3,15,6,0
51013103504,4,7,1,0
51013103505,28,30,7,9
51013103601,15,51,0,816
51013103602,21,8,3,3
51013103700,59,3,0,967
51013103800,37,81,2,157
51013980100,137,0,2,0
51013980200,84,0,1,0
51015070100,323,4,403,1846
51015070200,546,1,353,2832
51015070300,559,10,180,3837
51015070400,311,3,751,2527
51015070500,229,0,295,2829
51015070601,183,13,28,1441
51015070602,288,51,323,750
51015070603,95,23,69,1771
51015070701,379,24,129,1872
51015070702,135,6,62,1352
51015070801,119,6,106,1536
51015070802,314,0,206,2780
51015070900,383,46,102,3026
51015071000,518,4,603,4068
51015071101,194,53,316,1697
51015071102,208,12,251,3110
51015071201,83,1,181,1380
51015071202,211,5,175,2079
51017920101,798,1,268,1862
51017920102,610,17,174,1413
51019030101,374,21,125,3193
51019030103,576,56,30,2032
51019030104,89,73,15,1436
51019030202,666,19,638,3266
51019030203,189,7,35,1934
51019030204,310,1,170,2283
51019030300,422,0,466,2395
51019030401,321,4,313,1929
51019030403,383,10,376,1977
51019030404,376,4,428,1756
51019030501,566,7,705,2578
51019030503,854,11,495,3294
51019030504,568,30,559,1695
51019030601,162,0,372,1718
51019030602,177,7,286,1683
51019030603,141,3,370,1424
51019030604,161,0,567,1346
51019030605,360,0,589,1851
51019050101,300,95,7,1018
51019050102,197,70,37,1259
51021040100,926,5,665,2362
51021040200,732,4,659,2251
51023040100,697,9,588,2468
51023040200,698,5,442,2781
51023040301,343,4,174,1775
51023040303,293,10,53,1746
51023040304,221,11,155,1998
51023040401,273,3,174,1128
51023040402,502,12,107,1832
51023040501,169,11,72,2746
51023040502,130,6,64,697
51025930100,1789,3,2,2129
51025930201,656,0,8,1104
51025930202,30,0,22,1
51025930203,1047,31,17,1718
51025930301,814,0,28,1715
51025930302,1106,0,21,2272
51027010100,1116,14,715,1283
51027010200,689,5,619,853
51027010300,685,3,409,771
51027010400,507,38,288,681
51027010500,490,0,194,484
51027010600,1210,18,703,770
51027010700,1236,5,576,1419
51029930101,1099,5,23,1986
51029930102,836,14,20,1695
51029930201,1341,8,43,1585
51029930202,1886,15,12,2169
51031020101,1436,51,78,2135
51031020102,1626,12,28,2093
51031020200,654,93,111,1269
51031020300,248,42,1,1375
51031020401,540,227,9,1082
51031020402,238,32,17,1004
51031020403,627,235,18,2032
51031020500,1189,121,146,2317
51031020600,870,20,144,1604
51031020700,543,46,208,1015
51031020800,1712,0,70,1608
51031020900,1961,21,20,1941
51033030100,834,11,305,2008
51033030201,162,0,148,1307
51033030202,147,2,171,1368
51033030300,291,12,95,1245
51033030400,116,0,235,1042
51033030501,90,0,107,1622
51033030502,95,13,70,2055
51033030503,161,0,146,1255
51033030600,219,2,233,1900
51035080100,1476,10,4,1930
51035080200,1494,57,2,1774
51035080300,979,5,13,2812
51035080401,502,12,20,1404
51035080402,665,3,1,1571
51035080501,1283,3,1,1692
51035080502,740,5,4,1127
51035080601,409,6,0,1383
51035080603,517,1,1,1801
51035080604,333,1,0,1030
51036600100,412,9,0,1966
51036600200,235,1,1,1566
51036600300,496,0,1,1694
51037930101,865,26,23,1457
51037930102,1440,3,8,1313
51037930200,1670,0,16,1635
51037930300,1442,1,7,1831
51041100106,21,2,1,1128
51041100107,94,111,26,68
51041100206,115,53,0,1801
51041100208,9,2,1,906
51041100209,116,70,0,2123
51041100210,82,49,0,474
51041100211,66,61,0,587
51041100212,8,108,0,562
51041100300,359,71,0,751
51041100403,1060,139,301,2169
51041100404,86,132,201,271
51041100405,41,59,26,609
51041100406,155,83,1,192
51041100407,199,41,145,1402
51041100409,186,25,58,2564
51041100410,40,87,0,413
51041100505,159,144,8,1923
51041100506,102,48,533,1669
51041100507,48,2,25,2797
51041100508,160,80,5,1926
51041100509,363,18,4,2963
51041100510,34,73,0,1411
51041100600,140,30,1,607
51041100701,107,43,1,2711
51041100702,107,0,0,1281
51041100704,124,1,0,2477
51041100705,75,3,8,1666
51041100804,74,54,0,1556
51041100805,74,8,0,1897
51041100806,34,103,0,864
51041100807,72,9,0,1192
51041100812,72,3,3,1757
51041100814,43,6,0,1258
51041100815,7,0,1,1724
51041100816,8,1,0,1715
51041100817,140,49,35,537
51041100818,5,0,0,1103
51041100819,46,43,5,1894
51041100820,131,34,0,931
51041100821,91,4,9,1761
51041100822,213,59,2,2163
51041100823,117,93,3,1999
51041100902,88,13,1,1334
51041100907,92,3,162,391
51041100910,24,1,2,1749
51041100912,87,20,3,1503
51041100915,151,125,1,777
51041100919,282,27,3,1905
51041100920,193,46,10,107
51041100921,31,73,4,1257
51041100922,264,56,6,1129
51041100923,46,0,1,824
51041100924,137,31,1,1512
51041100926,72,33,4,2189
51041100928,139,124,12,1516
51041100929,33,14,0,1861
51041100930,45,2,0,967
51041100931,118,38,41,1470
51041100932,11,0,0,895
51041100933,40,23,0,427
51041100934,107,24,4,1769
51041100935,30,14,7,1230
51041100936,21,1,2,1334
51041100937,118,33,0,894
51041100938,53,0,4,2817
51041101003,185,16,4,4608
51041101004,116,11,0,2428
51041101007,86,47,4,1903
51041101008,261,37,1,1576
51041101009,84,41,4,2831
51041101011,38,0,0,993
51041101012,76,103,0,937
51041101013,18,0,1,1281
51041101014,5,0,0,914
51041101015,21,33,0,2217
51043010101,414,18,39,1575
51043010102,735,0,212,3018
51043010200,801,6,43,2410
51043010300,195,1,97,1915
51045050100,4591,13,175,990
51047930101,154,3,98,2149
51047930103,106,0,45,2681
51047930104,146,3,11,1795
51047930202,177,3,115,3225
51047930203,68,10,7,1952
51047930204,78,20,2,494
51047930300,411,77,43,1626
51047930400,675,27,53,3022
51047930501,286,16,43,2613
51047930502,427,80,11,1553
51049930101,607,5,523,1964
51049930102,740,3,637,1460
51049930200,700,40,446,1632
51051040100,1984,7,720,96
51051040200,2590,0,44,58
51051040300,4145,5,356,124
51051040400,1718,0,751,130
51053840101,324,0,144,2055
51053840102,488,0,119,2068
51053840200,284,0,101,2699
51053840300,301,0,11,2950
51053840400,159,0,14,336
51053840500,578,19,209,1652
51053840601,365,0,156,2159
51053840602,404,2,128,2086
51053980100,23,0,0,0
51057950600,281,3,586,2900
51057950700,641,61,157,1662
51057950800,337,7,304,2307
51059415100,65,8,89,1086
51059415200,50,74,3,373
51059415300,50,265,1,829
51059415401,51,69,124,365
51059415402,39,1,0,923
51059415500,106,11,3,1584
51059415600,33,4,1,1131
51059415700,33,2,0,1424
51059415800,37,0,0,1760
51059415900,102,11,0,1206
51059416000,88,47,126,1168
51059416100,94,9,6,1519
51059416200,1800,0,0,0
51059416300,120,46,0,956
51059420100,55,1,4,1041
51059420201,24,3,0,708
51059420202,15,51,1,11
51059420203,63,0,4,725
51059420300,68,0,1,1734
51059420400,38,144,1,27
51059420501,3,6,0,0
51059420502,8,140,0,17
51059420503,26,40,2,264
51059420600,24,313,0,443
51059420700,39,6,0,1431
51059420800,50,7,0,1177
51059421001,79,1,0,369
51059421002,106,31,8,663
51059421101,65,24,1,514
51059421102,20,22,0,396
51059421103,89,14,1,1047
51059421200,7,0,0,703
51059421300,59,0,0,1028
51059421400,76,143,4,556
51059421500,82,57,767,321
51059421600,47,175,2,222
51059421701,9,47,0,293
51059421702,1,0,0,953
51059421800,58,173,4,294
51059421900,795,0,0,0
51059422000,222,0,26,554
51059422101,43,74,1,771
51059422102,303,74,5,632
51059422201,94,23,3,817
51059422202,164,43,3,678
51059422301,40,20,0,328
51059422302,50,93,0,631
51059422401,2,49,0,66
51059422402,29,28,0,348
51059422403,11,0,0,765
51059430101,27,0,0,1562
51059430102,9,0,0,505
51059430201,7,0,1,902
51059430202,34,1,3,1196
51059430203,39,0,0,676
51059430400,105,1,1,2070
51059430500,10,0,0,567
51059430600,73,12,5,1341
51059430700,43,0,0,924
51059430801,56,0,0,1023
51059430802,40,38,0,439
51059430901,52,12,4,556
51059430902,41,0,1,683
51059431001,37,1,3,887
51059431002,4,0,0,125
51059431300,27,0,1,1168
51059431400,10,10,0,973
51059431500,29,22,2,1199
51059431601,0,6,1,0
51059431602,69,17,1,1241
51059431801,16,26,0,319
51059431802,42,0,1,811
51059431900,0,4,0,1073
51059432000,65,9,0,612
51059432100,8,102,0,544
51059432201,20,28,1,93
51059432202,15,92,2,707
51059432300,31,3,1,1252
51059432401,4,0,0,1185
51059432402,16,0,0,1250
51059432500,16,1,1,1522
51059432600,16,0,0,1235
51059432701,2,0,0,846
51059432702,13,7,0,422
51059432800,192,7,0,350
51059440100,47,39,4,1841
51059440201,162,28,4,24
51059440202,76,67,3,602
51059440300,44,2,0,982
51059440501,98,0,0,1650
51059440503,196,20,1,32
51059440504,18,0,2,0
51059440505,5,1,0,462
51059440600,26,152,0,787
51059440701,10,1,0,981
51059440702,14,0,0,1707
51059440800,77,9,4,2013
51059450100,53,57,0,708
51059450200,93,5,1,813
51059450300,69,64,11,1096
51059450400,38,1,3,929
51059450500,16,0,0,923
51059450601,59,2,0,1389
51059450602,19,50,1,562
51059450701,18,0,8,632
51059450702,37,29,1,343
51059450800,69,11,0,1053
51059450900,21,2,1,624
51059451000,4,0,1,906
51059451100,12,0,0,838
51059451200,15,0,0,663
51059451300,29,10,0,787
51059451400,21,59,0,16
51059451501,45,42,3,423
51059451502,91,30,4,364
51059451601,38,97,0,262
51059451602,15,15,0,322
51059451800,38,0,0,1142
51059451900,62,74,4,657
51059452000,101,10,0,598
51059452101,110,24,1,1068
51059452102,43,11,4,607
51059452200,105,41,0,994
51059452301,4,49,0,15
51059452302,10,50,0,58
51059452400,36,16,2,1677
51059452501,178,17,2,1162
51059452502,38,38,1,325
51059452600,69,52,0,558
51059452700,72,42,2,358
51059452801,28,16,0,400
51059452802,10,0,0,0
51059460100,58,12,0,1497
51059460200,34,9,0,1452
51059460300,5,0,0,992
51059460400,90,28,23,1034
51059460501,82,2,8,829
51059460503,21,8,0,555
51059460504,67,1,5,876
51059460600,40,1,3,1383
51059460701,31,17,0,899
51059460702,88,0,2,1488
51059460800,49,13,2,986
51059460900,100,2,0,847
51059461000,113,11,0,759
51059461100,48,39,1,1911
51059461201,60,5,0,1687
51059461202,79,57,5,342
51059461500,63,4,2,1174
51059461603,32,39,0,181
51059461604,17,0,0,592
51059461605,110,5,2,0
51059461606,50,38,2,40
51059461700,80,10,0,598
51059461801,9,24,0,41
51059461802,31,41,1,241
51059461901,25,28,0,279
51059461902,5,11,0,3
51059470100,66,19,0,1067
51059470300,19,3,5,1199
51059470400,104,11,2,1661
51059470500,174,16,3,1454
51059470600,51,3,1,916
51059470700,94,1,1,1865
51059470800,42,9,0,899
51059470900,63,6,11,2085
51059471000,54,18,1,514
51059471100,61,13,1,2233
51059471201,23,43,0,10
51059471203,11,30,0,160
51059471204,66,37,0,0
51059471301,27,58,2,42
51059471303,21,9,1,393
51059471304,20,2,0,657
51059471401,25,26,0,767
51059471402,49,20,1,378
51059480100,159,87,0,1914
51059480201,31,20,5,1660
51059480203,22,13,3,0
51059480204,58,37,2,0
51059480205,117,36,4,0
51059480301,47,37,0,1250
51059480302,89,46,8,1583
51059480401,91,7,5,1558
51059480402,59,48,0,2467
51059480501,39,2,1,1174
51059480502,14,1,0,1885
51059480503,52,0,0,965
51059480504,14,22,3,416
51059480505,26,40,1,310
51059480801,74,7,1,867
51059480802,110,29,14,753
51059480901,91,8,0,1191
51059480902,169,39,8,434
51059480903,34,50,1,336
51059481000,35,40,1,319
51059481101,42,32,2,6
51059481102,2,53,0,126
51059481103,21,18,0,108
51059481104,10,26,0,59
51059481105,48,0,0,1529
51059481106,18,2,2,1770
51059481201,27,1,0,394
51059481202,98,51,0,875
51059481400,47,23,3,1376
51059481500,11,8,0,879
51059481600,18,15,0,1260
51059481701,22,3,1,2134
51059481702,22,61,0,510
51059481900,161,31,4,1050
51059482001,33,1,0,1207
51059482002,19,58,0,548
51059482100,43,31,0,194
51059482201,25,43,1,110
51059482203,95,46,5,42
51059482204,23,29,0,0
51059482205,78,25,0,42
51059482206,33,9,0,60
51059482301,93,32,4,498
51059482302,17,54,0,67
51059482303,49,43,0,482
51059482400,56,5,0,808
51059482502,12,0,0,863
51059482503,35,0,0,1356
51059482504,10,1,0,1708
51059482505,188,23,9,279
51059482506,58,33,10,56
51059482507,29,38,3,70
51059482601,50,2,6,1605
51059482603,48,2,3,638
51059482604,27,0,0,1062
51059490101,62,17,2,1084
51059490104,304,5,504,589
51059490105,251,6,8,579
51059490501,28,24,0,315
51059490502,83,10,7,2026
51059491000,160,12,0,826
51059491101,17,0,0,1238
51059491102,23,0,0,1100
51059491103,18,0,0,432
51059491201,33,22,0,643
51059491202,22,79,1,0
51059491301,279,14,0,1164
51059491302,18,47,0,292
51059491303,42,59,1,123
51059491401,22,37,0,241
51059491402,9,0,0,364
51059491403,19,0,0,1005
51059491404,13,1,0,538
51059491405,5,0,0,840
51059491501,60,24,0,808
51059491502,39,0,0,2130
51059491601,73,91,2,474
51059491602,19,0,2,1219
51059491701,31,78,2,112
51059491703,20,83,0,50
51059491704,28,70,1,191
51059491705,89,7,1,759
51059491706,27,42,6,11
51059491707,20,44,3,161
51059491801,33,52,3,63
51059491802,25,58,0,533
51059491803,56,65,0,1475
51059492000,108,29,0,2414
51059492100,74,15,0,2653
51059492201,101,11,0,1274
51059492202,20,0,0,2123
51059492203,40,0,4,1347
51059492300,12,23,0,725
51059492400,10,8,1,647
51059492500,142,41,2,1998
51059980100,48,0,1,0
51059980200,142,0,0,0
51059980300,84,0,0,0
51061930101,312,29,13,2252
51061930102,238,3,16,2770
51061930203,152,12,22,2580
51061930204,68,4,19,2334
51061930205,46,0,13,1265
51061930206,94,0,45,1239
51061930207,117,0,27,880
51061930303,69,7,14,1147
51061930304,46,70,20,1128
51061930305,334,29,11,1271
51061930306,137,0,7,1012
51061930401,200,3,32,2466
51061930402,50,2,20,2096
51061930404,217,2,65,2260
51061930405,64,38,12,1252
51061930703,81,0,135,1382
51061930704,324,1,81,3431
51061930705,210,35,48,1541
51061930706,504,18,153,1547
51061930707,41,2,106,1447
51063920102,1617,1,4,2488
51063920103,1568,0,5,2382
51063920104,674,1,0,1457
51063920201,1426,0,0,2000
51063920202,917,0,1,1323
51065020101,315,4,140,2527
51065020103,22,0,1,1489
51065020104,80,2,14,2568
51065020200,434,3,370,3202
51065020300,301,8,279,3250
51067020102,947,8,669,2246
51067020103,606,0,458,1708
51067020104,930,2,251,2091
51067020200,491,6,876,2698
51067020301,189,0,206,1348
51067020302,430,2,338,1770
51067020400,558,8,587,2491
51067020501,422,5,298,2330
51067020502,503,9,438,3001
51067020600,606,9,588,1810
51067020701,365,12,497,1446
51067020702,226,6,365,945
51067020801,383,49,45,1204
51067020802,228,38,160,1448
51067020901,489,2,729,1714
51067020902,493,4,606,2057
51069050100,510,0,110,2471
51069050200,378,0,54,2262
51069050300,391,0,176,3402
51069050401,146,0,45,1959
51069050402,254,0,103,1484
51069050500,479,3,122,2734
51069050600,304,21,25,2229
51069050700,303,20,30,1796
51069050801,392,10,14,2274
51069050804,59,0,6,1526
51069050805,132,0,28,1059
51069050806,8,0,2,1148
51069050807,22,8,1,1112
51069050900,966,8,49,1861
51069051001,75,2,23,1604
51069051002,88,14,7,1534
51069051102,1121,6,33,1155
51069051103,145,0,2,1301
51069051104,39,0,5,1047
51071930100,382,5,324,1451
51071930200,630,4,508,2034
51071930300,798,60,487,2219
51071930400,777,15,367,2735
51073100101,269,1,258,1284
51073100102,240,5,353,1876
51073100201,285,4,344,2267
51073100202,216,26,125,1387
51073100203,486,31,147,1797
51073100301,493,98,248,2171
51073100302,259,6,355,1754
51073100400,288,0,119,865
51073100500,351,16,159,2379
51075400101,258,1,11,1771
51075400102,494,5,8,2052
51075400200,412,1,11,3238
51075400300,94,0,45,66
51075400400,492,4,42,3555
51075400500,395,2,58,3072
51077060101,543,1,322,1533
51077060102,811,0,463,1980
51077060201,869,15,350,1820
51077060202,1073,13,370,2373
51077060300,743,2,350,1521
51079030101,314,15,191,2231
51079030102,388,2,362,3188
51079030201,294,20,79,2416
51079030202,205,14,233,1588
51081880101,743,4,482,2139
51081880102,2,0,26,0
51081880200,632,16,949,2100
51083930100,1739,0,6,1834
51083930202,1053,0,3,1459
51083930203,1449,0,4,1853
51083930204,1084,1,2,1281
51083930301,1462,0,25,1457
51083930302,1847,0,6,2979
51083930400,2109,0,14,2404
51083930500,1387,3,0,2449
51083930601,636,44,3,1321
51083930602,468,40,16,1048
51083930800,519,46,2,1752
51085320100,899,0,4,3902
51085320200,217,0,1,3498
51085320300,224,0,4,2492
51085320400,698,15,0,2049
51085320500,150,0,6,1655
51085320601,357,84,4,1016
51085320602,542,20,96,793
51085320701,176,1,2,2546
51085320702,208,0,25,1876
51085320801,611,0,0,1219
51085320803,86,0,1,2310
51085320804,170,2,2,1913
51085320805,176,5,3,1296
51085320901,87,35,2,2488
51085320902,236,0,2,1468
51085321001,125,22,30,1418
51085321003,92,0,0,1009
51085321004,60,0,2,2343
51085321100,231,27,9,2849
51085321201,114,11,3,2242
51085321202,81,96,0,1065
51085321300,197,0,2,3098
51085321401,106,0,0,1754
51085321402,124,16,7,2430
51085321403,56,0,0,2129
51087200106,77,48,0,969
51087200108,102,30,1,976
51087200109,97,0,0,1129
51087200122,30,0,3,1454
51087200123,49,55,0,367
51087200124,54,35,5,1089
51087200125,16,129,0,139
51087200126,99,185,0,46
51087200127,145,0,5,1285
51087200131,45,19,2,496
51087200132,37,22,4,921
51087200133,23,109,0,413
51087200134,154,28,0,1283
51087200135,23,34,0,538
51087200136,56,32,5,598
51087200137,20,25,0,290
51087200138,54,4,1,747
51087200139,39,38,0,1002
51087200140,122,49,7,719
51087200141,52,25,0,530
51087200142,90,18,0,1090
51087200143,12,0,0,761
51087200144,90,57,1,76
51087200145,13,1,27,1288
51087200146,268,23,0,617
51087200147,135,19,7,1622
51087200148,94,22,0,1020
51087200149,297,30,0,1024
51087200150,121,1,33,1253
51087200151,206,104,24,962
51087200152,24,11,3,709
51087200153,59,100,2,520
51087200201,49,1,0,956
51087200202,43,0,0,1413
51087200301,104,11,4,360
51087200302,80,14,1,1289
51087200303,134,121,5,914
51087200305,163,40,9,934
51087200404,51,40,5,677
51087200407,95,64,19,1125
51087200409,95,16,4,340
51087200411,65,118,0,568
51087200412,53,110,0,27
51087200413,169,0,1,1270
51087200414,18,0,0,1771
51087200415,61,18,1,852
51087200416,104,0,2,1584
51087200417,40,75,4,50
51087200418,25,125,2,275
51087200501,245,12,11,747
51087200502,356,8,0,959
51087200503,330,9,4,1034
51087200600,28,110,0,1774
51087200700,178,48,11,992
51087200801,189,48,0,847
51087200802,81,3,2,1089
51087200805,201,92,4,850
51087200806,20,25,0,547
51087200807,60,152,8,385
51087200904,93,11,11,2481
51087200905,129,44,4,1722
51087200906,46,0,3,1518
51087200907,243,34,12,1214
51087200908,120,12,12,1123
51087201001,258,95,1,2332
51087201002,136,80,0,1178
51087201003,114,35,0,2286
51087201102,63,74,1,1479
51087201103,25,116,0,473
51087201104,190,13,4,1218
51087201203,80,17,4,1264
51087201204,69,11,4,1838
51087201205,171,62,3,1153
51087201206,28,23,1,754
51087201403,73,42,248,2155
51087201404,264,44,7,2355
51087201405,61,0,0,674
51087201406,245,103,30,1116
51087201502,325,0,13,2951
51087201503,70,53,0,2246
51087201504,459,43,2,1512
51087201601,139,0,9,2223
51087201602,269,1,21,3032
51087201701,176,3,2,1878
51087980100,157,0,1,0
51089010100,628,67,0,1424
51089010200,445,79,81,1903
51089010300,677,48,2,2618
51089010400,862,2,4,2145
51089010500,1058,1,0,2316
51089010601,366,48,3,1311
51089010602,718,22,0,1973
51089010700,794,4,4,2250
51089010800,322,5,2,1497
51089010900,608,1,0,1863
51089011000,822,12,0,3054
51089011100,445,15,7,1442
51089011200,522,16,0,1963
51089011300,774,16,1,2476
51091970100,857,5,296,3001
51093280101,279,35,0,2532
51093280104,79,8,4,1756
51093280105,439,37,2,1905
51093280106,80,11,1,1031
51093280107,128,19,0,1902
51093280108,207,61,3,1347
51093280200,422,2,0,2863
51093280300,583,182,2,2965
51093280400,596,23,2,2614
51095080102,467,332,4,547
51095080103,248,40,6,1191
51095080104,339,9,0,1101
51095080202,192,94,2,2127
51095080203,121,141,4,1217
51095080205,344,84,4,601
51095080207,78,26,1,1525
51095080208,24,1,1,1457
51095080209,58,101,89,781
51095080304,165,98,45,2264
51095080305,143,70,5,1445
51095080306,267,5,11,2041
51095080307,140,38,1,1258
51095080308,177,45,11,1595
51095080402,497,179,1,3331
51095080403,208,24,12,1588
51095080404,180,7,1,2081
51097950400,874,0,494,2726
51097950500,556,0,345,2097
51099040100,883,18,10,1805
51099040200,454,0,1,1727
51099040301,360,10,7,1872
51099040302,274,2,2,1162
51099040400,602,14,12,1518
51099040500,462,0,1,1464
51101950101,564,2,61,3161
51101950102,410,5,54,4006
51101950200,640,0,60,1857
51101950300,463,20,13,1588
51103030100,542,4,199,2316
51103030200,584,39,204,2317
51103030301,340,2,91,1838
51103030302,240,0,52,1270
51105950100,1138,1,845,121
51105950200,1806,0,1145,130
51105950301,387,2,476,58
51105950302,857,0,684,17
51105950400,2565,0,850,132
51105950500,2476,7,1316,49
51105950600,3233,0,994,144
51107610101,101,41,3,2799
51107610102,125,10,3,2407
51107610201,119,0,1,3105
51107610202,56,11,0,2127
51107610300,351,1,7,4812
51107610400,244,32,9,1422
51107610503,62,0,2,1543
51107610504,81,84,0,1369
51107610505,345,86,16,193
51107610506,300,18,7,506
51107610507,28,0,0,1449
51107610601,85,16,3,1909
51107610602,237,1,0,957
51107610603,100,40,2,270
51107610604,250,26,5,1119
51107610701,107,12,2,1873
51107610702,241,32,0,1753
51107610703,141,2,2,2959
51107610800,314,5,0,5743
51107610900,280,24,7,2145
51107611002,121,69,10,218
51107611004,179,33,0,1583
51107611005,51,9,1,895
51107611006,169,9,2,923
51107611009,51,0,5,1109
51107611010,17,0,7,76
51107611011,45,36,2,298
51107611012,57,1,1,1002
51107611013,41,6,2,757
51107611014,97,14,0,697
51107611015,143,24,9,335
51107611016,50,5,3,802
51107611017,14,5,0,586
51107611018,141,25,9,52
51107611019,133,0,0,1312
51107611020,365,54,7,630
51107611022,50,23,3,1194
51107611023,91,12,2,1246
51107611026,309,29,11,1949
51107611027,84,0,13,48
51107611028,98,43,0,1432
51107611029,375,0,0,2717
51107611030,53,8,0,782
51107611031,102,3,3,75
51107611032,8,18,0,129
51107611101,15,37,2,794
51107611102,54,11,0,1470
51107611202,20,58,2,934
51107611204,18,0,0,1091
51107611205,64,6,15,977
51107611206,43,29,0,618
51107611207,71,3,4,637
51107611208,56,0,5,970
51107611209,18,7,0,1361
51107611300,60,14,12,882
51107611400,28,63,15,1177
51107611501,145,71,5,29
51107611502,232,3,5,1746
51107611601,144,0,4,489
51107611602,44,13,0,512
51107611701,55,2,21,982
51107611702,222,0,20,230
51107611803,28,8,0,1121
51107611804,350,27,1,1517
51107611805,8,0,0,1187
51107611807,156,0,22,1046
51107611808,40,0,17,1069
51107611809,55,31,4,893
51107611810,334,0,14,2869
51107611811,100,3,2,983
51107611812,255,22,2,504
51107611813,369,2,10,3367
51107611901,278,8,1,1139
51107611902,35,2,0,1072
51107980100,287,0,3,2
51109950101,568,1,260,2236
51109950102,821,0,498,3425
51109950201,552,41,268,2541
51109950202,616,0,343,2885
51109950301,170,15,83,1631
51109950302,248,7,216,1551
51109950303,210,0,241,1708
51109950400,171,0,275,1721
51109950500,386,0,481,4039
51111930100,935,4,23,3313
51111930200,697,7,10,4112
51111930300,304,0,4,2367
51113930101,943,0,7,1537
51113930102,1195,0,7,1784
51113930201,730,10,36,1270
51113930202,1451,1,16,1684
51115951301,337,0,15,1858
51115951302,261,0,4,1798
51115951401,505,0,9,2710
51115951402,307,0,5,1233
51115990100,2,0,0,0
51117930101,848,9,16,1557
51117930103,897,0,21,580
51117930104,814,2,56,1277
51117930201,545,93,6,1426
51117930202,620,42,6,990
51117930300,1803,2,20,1474
51117930401,1017,33,6,1164
51117930402,784,9,6,1547
51117930500,1303,1,5,1330
51117930600,1605,5,10,1735
51117930700,1567,11,52,2314
51117930800,1506,28,46,2086
51119950900,261,2,213,862
51119951000,627,29,326,2180
51119951100,858,1,309,1802
51119951200,694,15,223,2383
51121020100,188,0,0,0
51121020201,117,103,0,444
51121020202,257,78,269,251
51121020301,142,83,1,466
51121020302,431,19,31,1119
51121020401,41,87,0,51
51121020402,183,127,1,483
51121020500,455,121,37,1870
51121020600,173,130,10,1422
51121020701,400,60,3,533
51121020702,247,86,16,625
51121020801,613,43,223,1445
51121020802,234,47,169,728
51121020900,530,32,150,1723
51121021000,357,64,91,2067
51121021101,325,14,56,1533
51121021102,400,15,67,918
51121021201,553,33,335,1790
51121021202,886,69,344,1128
51121021300,820,1,386,1710
51121021400,1032,21,591,1798
51121021501,1049,2,461,1979
51121021502,774,0,351,1673
51125950101,320,6,3,2645
51125950102,280,12,2,1746
51125950201,199,11,2,2121
51125950202,274,6,15,2545
51125950300,685,42,8,4094
51127700100,789,1,3,3551
51127700200,828,0,2,2950
51127700301,1050,12,7,2764
51127700302,811,0,9,2121
51131930100,648,50,391,2357
51131930200,753,20,513,2066
51131930301,551,42,133,1406
51131930302,339,29,287,1287
51131990100,3,0,0,0
51133020100,984,3,56,2927
51133020200,746,0,62,2579
51133020301,736,4,10,2386
51133020302,890,10,32,2675
51133990100,1,0,0,0
51135000101,566,21,7,863
51135000102,1181,33,11,1692
51135000200,1537,0,0,1388
51135000300,1942,30,26,2824
51135980100,723,0,1,9
51137110104,206,0,35,1612
51137110105,693,0,16,3388
51137110106,346,0,27,2551
51137110107,63,0,7,1455
51137110108,131,0,12,2028
51137110200,396,120,137,1645
51137110301,409,15,47,1446
51137110302,298,1,58,2178
51139030100,708,3,105,1712
51139030200,1261,11,147,2680
51139030300,1395,22,261,2890
51139030401,670,2,198,1248
51139030402,980,9,237,2201
51139030500,1584,12,501,3232
51141030101,1352,1,22,1757
51141030102,952,29,0,1364
51141030201,1245,22,177,1527
51141030202,1644,1,25,1798
51141030301,1833,1,12,1401
51141030302,1826,11,11,2263
51143010100,579,0,419,3264
51143010200,386,15,342,2350
51143010301,111,1,163,796
51143010302,879,7,369,2071
51143010400,737,5,577,3211
51143010500,792,11,343,2463
51143010600,377,36,273,1768
51143010700,605,0,228,1838
51143010801,176,2,185,1266
51143010803,495,3,375,2110
51143010804,553,1,348,2418
51143010900,345,7,199,1898
51143011001,431,25,373,2784
51143011002,394,4,321,2580
51143011100,370,12,255,1827
51143011200,250,9,163,1252
51143011301,207,35,96,1398
51143011302,39,23,48,1099
51143011400,502,25,241,1636
51145500101,411,0,60,3867
51145500102,310,0,62,3297
51145500201,408,5,110,2923
51145500202,259,4,36,2135
51145500300,176,0,66,288
51145500400,363,0,210,3114
51147930101,604,11,429,199
51147930102,1178,5,37,1502
51147930202,947,0,105,1215
51147930204,672,39,258,631
51147930301,1013,1,59,1459
51147930302,1270,3,51,998
51149850100,227,11,200,173
51149850200,1667,0,1,39
51149850301,312,226,188,2317
51149850302,158,28,11,2368
51149850400,873,5,380,3220
51149850501,672,18,127,3752
51149850502,454,21,86,2709
51153900100,117,27,6,619
51153900201,113,8,11,269
51153900202,53,8,2,1010
51153900203,46,85,42,241
51153900301,184,39,5,264
51153900302,85,112,130,376
51153900403,299,15,19,800
51153900404,32,0,0,1080
51153900407,33,39,0,711
51153900408,4,0,0,748
51153900409,31,3,0,963
51153900410,60,48,2,336
51153900502,131,75,1,2
51153900503,41,35,0,448
51153900504,77,22,155,788
51153900601,48,6,1,659
51153900602,44,52,103,357
51153900701,91,55,2,244
51153900702,122,18,0,1546
51153900801,65,6,4,1986
51153900803,73,53,0,238
51153900804,35,23,0,727
51153900901,249,33,47,465
51153900904,114,29,1,1388
51153900905,71,10,12,1443
51153901005,24,0,4,1746
51153901009,40,0,0,2009
51153901010,37,0,0,925
51153901011,15,14,1,1632
51153901012,51,17,8,1123
51153901013,99,4,180,363
51153901014,341,17,72,1121
51153901015,23,43,0,243
51153901016,54,39,1,1072
51153901101,152,356,0,1
51153901102,20,865,0,0
51153901203,64,0,0,1105
51153901208,45,0,49,641
51153901209,93,1,1,1418
51153901211,52,0,0,1381
51153901212,41,20,0,1596
51153901219,33,0,0,2140
51153901221,89,97,0,491
51153901222,6,8,0,461
51153901223,42,59,1,995
51153901224,22,20,0,1094
51153901225,68,12,126,657
51153901226,45,2,3,1495
51153901227,34,24,0,1416
51153901228,12,0,0,1560
51153901229,36,0,0,1177
51153901230,11,0,0,1249
51153901231,154,22,11,2072
51153901232,159,1,3,1552
51153901233,36,0,179,2285
51153901234,166,0,3,1267
51153901235,11,3,0,622
51153901236,64,5,0,1076
51153901237,27,24,0,333
51153901303,60,0,2,1359
51153901304,150,0,20,1217
51153901305,344,9,1,2808
51153901306,140,0,5,2416
51153901403,198,127,14,234
51153901407,158,89,9,47
51153901409,715,68,1,986
51153901411,159,2,2,1976
51153901412,32,0,6,2121
51153901413,10,0,1,941
51153901414,48,79,8,1551
51153901415,38,11,3,1081
51153901416,46,17,0,1246
51153901417,255,5,3,2294
51153901418,339,65,0,52
51153901419,21,81,0,72
51153901420,92,0,8,986
51153901421,472,1,2,1135
51153901503,289,0,15,3760
51153901504,86,30,1,1525
51153901505,90,0,0,2187
51153901506,52,48,0,958
51153901507,193,14,3,523
51153901508,230,36,15,1047
51153901509,181,0,3,2535
51153901510,83,13,0,1294
51153901511,62,4,0,1482
51153901601,61,2,1,1053
51153901602,169,45,9,817
51153901702,27,0,151,848
51153901703,37,1,1,691
51153901704,88,57,3,429
51153901900,268,40,16,1240
51153980100,6,174,0,0
51155210101,552,85,3,1816
51155210102,481,12,2,1683
51155210201,300,114,10,1301
51155210202,827,81,19,1860
51155210300,448,51,44,1965
51155210401,268,35,107,1236
51155210402,380,0,14,1202
51155210500,825,0,15,1989
51155210600,1101,104,27,1935
51155210700,248,75,0,1258
51155980100,288,0,0,0
51155980200,98,0,0,0
51157950100,384,3,34,1900
51157950200,604,2,52,3716
51159040100,1140,44,271,3147
51159040200,264,33,153,1428
51161030100,412,0,188,2514
51161030201,97,11,22,2008
51161030203,208,26,13,1441
51161030205,200,30,6,1568
51161030206,72,66,1,1425
51161030207,105,72,8,627
51161030300,426,24,124,3579
51161030501,134,0,63,659
51161030502,32,0,12,1222
51161030601,264,11,57,2686
51161030602,66,41,5,1068
51161030701,94,3,6,2898
51161030702,144,91,2,1627
51161030802,184,43,13,1778
51161030803,142,83,1,612
51161030804,98,2,2,692
51161030900,258,43,163,2118
51161031000,170,15,127,1995
51161031101,204,147,11,1306
51161031102,194,86,5,1219
51161031201,104,13,8,2053
51161031202,153,35,6,2350
51163930101,393,40,139,1201
51163930102,727,18,428,2761
51163930200,570,5,291,3186
51163930301,374,5,240,2015
51163930302,331,9,153,1966
51163930400,542,12,467,1620
51165010100,563,0,418,2259
51165010200,461,41,161,1788
51165010301,251,8,168,1240
51165010302,476,3,115,1456
51165010400,327,0,198,1665
51165010500,337,8,123,1255
51165010600,345,11,182,2358
51165010700,282,25,154,2337
51165010801,297,124,54,1359
51165010802,241,39,76,1522
51165010900,322,14,145,1571
51165011000,467,0,368,2235
51165011100,266,0,225,2369
51165011200,396,3,222,3549
51165011400,412,93,26,2605
51165011500,296,179,26,1630
51165011600,325,12,43,1356
51165011700,455,243,229,1249
51165011801,305,21,91,2290
51165011802,36,286,12,1590
51165011900,386,67,114,1848
51165012000,536,38,244,1979
51167030100,1299,6,402,1663
51167030201,794,4,147,1091
51167030202,853,16,125,1221
51167030300,1610,3,424,1956
51167030402,1071,5,243,1264
51167030403,753,34,125,1105
51167030404,648,41,130,888
51167030500,725,6,175,930
51167030600,1124,1,340,1653
51169030100,626,22,213,1555
51169030200,1175,6,629,1973
51169030300,1229,7,848,2051
51169030400,1498,4,848,2681
51169030500,1330,3,767,2822
51169030600,662,29,409,1889
51171040101,439,13,4,1694
51171040102,624,13,3,2355
51171040201,779,6,0,1707
51171040202,1082,2,0,2442
51171040300,827,2,0,2617
51171040400,892,0,3,2071
51171040501,711,62,9,2310
51171040502,444,0,0,1455
51171040600,916,34,6,2078
51171040700,1293,8,7,2287
51171040800,1022,45,18,2163
51173030100,1557,73,49,1473
51173030200,737,24,88,2153
51173030301,780,18,3,1411
51173030302,758,37,11,1442
51173030400,692,0,43,1095
51173030500,777,5,62,1160
51173030600,700,15,7,1222
51173030701,1202,21,6,1970
51173030702,1135,19,13,2587
51175200100,907,1,424,2601
51175200200,593,0,432,1490
51175200300,75,9,32,4
51175200401,515,6,366,1598
51175200402,367,20,120,1130
51175200500,898,7,359,1727
51177020104,336,0,6,1930
51177020105,113,2,6,1141
51177020106,526,13,6,3014
51177020107,167,0,1,630
51177020108,232,44,2,1008
51177020109,116,1,4,1134
51177020110,11,25,217,984
51177020111,12,0,1,852
51177020112,12,0,0,993
51177020113,239,5,5,1790
51177020114,18,11,1,1469
51177020201,777,16,1,2055
51177020202,358,2,1,1567
51177020203,121,0,133,1131
51177020204,215,1,1,984
51177020206,297,40,1,1354
51177020207,7,0,0,529
51177020304,296,38,2,1308
51177020305,149,57,0,520
51177020307,51,0,3,1273
51177020308,47,0,1,1428
51177020309,49,68,0,1393
51177020311,787,28,11,2830
51177020312,107,0,3,2194
51177020313,189,29,0,0
51177020314,288,0,1,560
51177020315,347,0,0,312
51177020316,242,6,1,1791
51177020403,384,0,38,1885
51177020404,798,0,27,2081
51177020405,678,0,85,2302
51177020406,372,1,24,1645
51177020407,366,1,3,2230
51177020408,23,0,2,711
51179010103,81,10,11,1211
51179010105,115,0,58,2342
51179010106,271,24,69,1637
51179010107,81,0,53,1433
51179010108,111,3,518,1515
51179010201,554,3,2,20
51179010202,79,1,45,3098
51179010205,61,0,15,2235
51179010206,96,64,30,1424
51179010210,336,28,1,2817
51179010211,44,24,8,736
51179010212,102,16,1,1082
51179010213,4,1,1,776
51179010214,29,4,4,894
51179010215,46,24,0,340
51179010216,120,21,828,355
51179010217,52,1,32,1971
51179010218,277,11,167,946
51179010219,88,0,0,465
51179010301,126,0,105,2644
51179010304,250,138,59,1891
51179010305,173,58,23,1841
51179010306,96,0,91,295
51179010307,412,29,33,2837
51179010308,116,0,33,1314
51179010403,51,1,10,1507
51179010404,97,23,7,2021
51179010405,44,0,3,2384
51179010406,151,28,7,1063
51179010502,75,1,8,1928
51179010503,37,7,62,1252
51179010504,52,3,38,1238
51181860100,1172,24,37,1998
51181860200,1561,0,1,2372
51183870100,664,6,388,1639
51183870201,619,0,272,1768
51183870202,29,0,15,0
51183870300,571,29,161,1324
51183870400,410,17,146,991
51185020100,359,9,394,1192
51185020200,606,45,290,2089
51185020301,411,6,380,1270
51185020302,554,8,690,1566
51185020400,507,21,444,1718
51185020500,310,27,390,843
51185020600,710,10,683,1944
51185020700,378,34,282,1541
51185020800,304,4,332,681
51185020900,188,18,205,666
51185021000,512,30,472,1288
51185021101,472,42,176,1203
51185021102,332,23,202,1302
51187020101,87,0,5,2421
51187020102,92,1,0,1986
51187020200,517,1,11,2365
51187020300,358,4,68,3949
51187020400,349,25,17,1180
51187020500,429,33,22,1288
51187020601,251,12,1,2223
51187020602,221,18,3,810
51187020700,168,10,3,2105
51191010101,525,21,363,1647
51191010102,208,8,127,1851
51191010200,583,22,526,2841
51191010301,675,7,690,1904
51191010302,709,0,577,2205
51191010401,162,6,44,1179
51191010402,497,44,167,1426
51191010501,505,64,79,1384
51191010502,549,82,143,1087
51191010601,559,51,312,1825
51191010602,418,11,235,1227
51191010700,800,21,409,2331
51191010800,829,0,622,2084
51191010900,436,15,451,2259
51191011000,679,5,677,2337
51193010101,352,9,108,2127
51193010102,807,4,123,2486
51193010200,740,23,118,2443
51193010300,447,11,134,2167
51193010401,300,2,94,1504
51193010402,483,25,84,1935
51195930700,702,4,393,810
51195930800,532,4,321,708
51195930900,923,25,754,1245
51195931000,523,2,429,708
51195931100,348,24,177,852
51195931200,622,35,489,1513
51195931300,477,22,486,1465
51195931400,941,28,542,1493
51195931500,1160,10,579,1598
51195931600,846,11,336,1139
51195931700,470,5,277,605
51197050101,559,13,96,1329
51197050102,563,1,79,1535
51197050201,345,34,92,1293
51197050202,783,59,120,1969
51197050301,630,16,267,2382
51197050302,710,0,120,2206
51197050401,653,7,117,2084
51197050402,1114,9,138,2837
51199050203,138,179,1,1548
51199050205,319,8,5,1875
51199050206,28,71,25,2067
51199050207,631,0,0,3
51199050208,5,82,153,51
51199050303,157,112,83,1697
51199050304,746,5,3,2193
51199050305,184,92,26,999
51199050306,322,121,125,1227
51199050401,961,21,8,1460
51199050402,827,0,4,1343
51199050500,256,40,9,886
51199050900,714,26,181,536
51199051000,891,155,196,1550
51199051100,344,11,6,2812
51510200102,19,50,0,288
51510200104,17,75,2,0
51510200105,13,3,0,0
51510200106,41,34,3,91
51510200108,17,7,6,11
51510200109,10,49,0,248
51510200110,13,56,0,0
51510200111,9,39,0,26
51510200201,89,74,65,243
51510200202,26,1,6,547
51510200301,15,40,0,49
51510200302,15,76,0,753
51510200304,10,16,0,0
51510200305,13,15,0,8
51510200403,93,6,0,35
51510200404,15,29,0,188
51510200406,37,37,1,16
51510200407,14,10,0,9
51510200408,48,29,3,0
51510200409,79,36,0,15
51510200500,10,153,0,50
51510200600,95,15,2,673
51510200701,91,33,2,3
51510200703,65,48,1,125
51510200704,54,11,5,0
51510200705,33,6,0,5
51510200801,29,7,1,933
51510200802,48,32,0,298
51510200900,63,7,0,1523
51510201000,19,276,0,22
51510201100,8,16,0,819
51510201202,2,6,0,402
51510201204,35,20,0,289
51510201205,28,15,0,52
51510201206,49,67,0,97
51510201300,106,39,0,784
51510201400,58,41,1,956
51510201500,24,12,2,1063
51510201601,87,17,1,362
51510201602,63,12,0,30
51510201802,82,5,4,195
51510201803,35,12,0,130
51510201804,54,13,1,93
51510201805,117,31,3,75
51510201900,191,16,9,134
51510202001,68,6,0,369
51510202002,14,20,0,115
51510980000,13,0,0,0
51520020100,674,22,13,1334
51520020201,314,87,9,421
51520020202,289,6,9,1026
51520020300,352,18,2,1109
51520020400,513,10,3,2158
51530930601,491,74,25,1412
51530930602,409,59,24,834
51540000201,84,124,1,514
51540000202,129,165,13,390
51540000302,194,100,6,811
51540000401,64,114,3,785
51540000402,178,118,6,1221
51540000501,40,133,2,626
51540000502,36,207,4,1445
51540000600,91,185,4,202
51540000700,186,71,3,1053
51540000800,118,89,10,1001
51540000900,70,66,0,840
51540001000,278,70,15,603
51550020001,42,3,6,725
51550020002,49,47,0,1386
51550020003,108,129,2,1921
51550020100,111,185,2,586
51550020200,263,49,1,1217
51550020300,162,53,1,373
51550020400,108,107,1,819
51550020500,504,106,0,334
51550020600,138,28,0,1783
51550020700,214,66,640,781
51550020804,466,422,7,2933
51550020805,718,431,85,1032
51550020808,67,153,1,741
51550020809,370,50,65,1511
51550020810,47,22,0,770
51550020811,63,202,0,1006
51550020812,36,35,0,391
51550020813,16,76,0,38
51550020814,59,245,3,752
51550020903,318,0,26,894
51550020905,91,38,154,724
51550020907,122,109,2,304
51550020908,18,65,0,573
51550020909,33,77,0,756
51550020910,154,45,0,254
51550020911,118,237,2,330
51550020912,110,157,5,440
51550021004,296,257,6,2559
51550021005,290,111,7,1325
51550021009,251,1,1,1930
51550021010,77,32,2,1754
51550021011,31,1,0,1310
51550021012,92,64,1,2362
51550021013,59,0,0,1525
51550021014,147,49,2,823
51550021015,25,0,0,825
51550021016,57,393,0,843
51550021101,143,2,0,2259
51550021103,330,5,0,1651
51550021104,525,6,32,1944
51550021200,1063,0,12,3376
51550021301,528,63,50,2884
51550021303,45,1,0,853
51550021304,115,37,0,968
51550021305,99,0,2,1148
51550021306,99,0,0,740
51550021401,269,12,42,844
51550021402,344,36,277,2390
51550021403,447,72,67,1506
51550021405,53,46,276,356
51550021406,39,0,0,837
51550021407,535,2,1,1104
51550021503,66,0,0,1255
51550021504,91,2,2,1366
51550021505,241,233,9,1344
51550021506,84,137,0,553
51550021507,156,246,9,1520
51550021602,226,74,6,1380
51550021603,24,1,0,742
51550021604,23,3,0,716
51550021605,110,63,0,1364
51570830100,143,45,14,2132
51570830200,86,111,5,878
51570830300,98,40,0,1083
51570830400,111,63,0,945
51570830500,167,86,0,1805
51580060100,483,5,18,1239
51580060200,405,4,14,1428
51590000100,132,80,1,1884
51590000200,234,105,85,1153
51590000300,84,73,2,1371
51590000400,156,113,5,1191
51590000500,248,49,4,235
51590000600,112,170,3,536
51590000700,180,119,0,1043
51590000800,362,41,25,985
51590000900,133,68,11,1416
51590001000,97,130,0,1103
51590001100,78,127,1,489
51590001200,134,17,59,658
51590001301,238,26,6,532
51590001302,138,1,57,340
51590001400,129,13,91,1435
51590980100,46,2,0,0
51595890100,369,63,0,932
51595890200,286,76,19,1082
51600300100,147,33,14,1174
51600300200,196,35,13,1325
51600300300,198,44,2,1095
51600300400,119,163,1,732
51600300500,75,24,5,975
51610500100,140,15,5,776
51610500200,110,82,6,1157
51610500300,96,15,5,703
51620090100,616,57,80,1415
51620090200,207,40,127,900
51630000100,196,27,1,1033
51630000201,100,93,2,272
51630000202,130,8,0,670
51630000301,50,2,0,12
51630000302,302,42,10,1322
51630000400,219,45,1,893
51630000500,364,129,0,1450
51640070101,543,23,43,1579
51640070102,333,14,42,779
51650010103,80,8,4,2990
51650010104,45,108,1,1750
51650010200,872,0,0,0
51650010304,178,112,71,2135
51650010306,111,123,74,1796
51650010307,90,41,8,1890
51650010309,28,111,0,1251
51650010310,109,44,7,1524
51650010311,83,54,3,1036
51650010312,63,0,1,1615
51650010314,206,17,250,429
51650010315,147,94,2,95
51650010316,70,104,4,168
51650010400,125,47,0,2837
51650010502,173,83,16,521
51650010503,420,61,25,741
51650010504,95,36,1,1289
51650010601,195,62,9,433
51650010602,136,55,25,954
51650010701,121,83,5,963
51650010702,23,34,0,1518
51650010703,38,41,4,1065
51650010800,94,41,9,2120
51650010900,114,32,13,755
51650011001,91,72,9,877
51650011002,51,4,0,1444
51650011100,269,0,0,0
51650011200,91,34,48,1206
51650011300,104,48,1,662
51650011400,189,11,4,16
51650011500,96,56,14,2255
51650011600,44,53,6,934
51650011800,106,61,5,2184
51650011900,139,25,80,1313
51650012000,85,27,9,1387
51650012100,97,36,4,2635
51660000101,169,137,66,627
51660000102,132,101,14,709
51660000203,440,6,44,407
51660000204,124,120,28,525
51660000205,340,89,21,537
51660000206,91,0,0,39
51660000207,173,70,9,151
51660000301,205,69,40,1088
51660000302,291,303,88,553
51660000401,212,130,31,246
51660000402,375,194,80,1488
51670820100,60,28,0,449
51670820300,329,54,1,760
51670820400,50,42,2,2606
51670820500,64,58,0,2347
51670820600,182,203,10,1901
51670820700,41,106,0,683
51670980100,523,0,0,0
51678930501,213,31,27,1590
51678980000,130,0,0,4
51680000100,138,54,5,1178
51680000201,188,97,14,2400
51680000203,111,6,0,50
51680000204,116,74,7,771
51680000205,202,73,87,824
51680000300,164,122,8,624
51680000400,99,141,2,774
51680000500,79,20,7,3
51680000600,148,100,4,535
51680000700,320,120,4,868
51680000801,141,67,4,604
51680000802,50,74,2,790
51680000901,117,93,15,1148
51680000902,78,127,84,394
51680001000,102,65,1,1070
51680001100,78,56,3,374
51680001400,362,2,4,66
51680001601,134,140,4,749
51680001602,91,65,1,453
51680001603,66,67,9,559
51680001700,195,121,22,1426
51680001800,144,63,3,603
51680001900,289,96,12,1533
51683910100,126,8,1,999
51683910201,175,20,7,1230
51683910202,83,23,1,871
51683910301,310,40,73,582
51683910302,118,66,1,1100
51683910401,143,22,0,327
51683910402,398,20,1,1343
51685920100,35,18,2,1845
51685920201,192,22,1,89
51685920202,43,50,1,958
51690000100,161,49,12,1350
51690000200,92,39,6,1069
51690000300,163,60,13,950
51690000400,115,23,4,1252
51690000500,37,16,6,1429
51700030100,393,157,4,45
51700030300,122,180,0,2015
51700030400,100,109,3,707
51700030500,88,54,3,550
51700030600,81,94,0,490
51700030800,121,48,0,383
51700030900,92,144,1,532
51700031100,628,78,0,493
51700031200,153,30,320,362
51700031300,40,43,0,1775
51700031400,300,39,3,2370
51700031500,304,67,29,2032
51700031602,211,37,0,2001
51700031603,17,37,6,1357
51700031604,59,55,0,707
51700031701,123,45,1,497
51700031702,118,44,2,1190
51700031800,52,0,0,1955
51700031901,45,13,0,1724
51700031902,55,63,7,1025
51700032001,12,1,2,1388
51700032002,90,16,21,2460
51700032005,4,2,0,1152
51700032006,68,161,2,254
51700032007,37,18,0,1245
51700032113,304,102,101,103
51700032114,45,29,0,362
51700032117,83,120,1,1131
51700032123,107,165,0,1072
51700032124,85,65,2,862
51700032126,150,71,799,3
51700032128,514,108,3,190
51700032129,42,110,3,364
51700032130,38,367,17,1151
51700032131,24,0,0,1359
51700032132,76,107,2,1310
51700032133,75,91,0,0
51700032134,53,64,0,259
51700032211,64,9,1,2553
51700032212,71,112,13,531
51700032223,23,462,17,365
51700032225,101,38,244,234
51700032226,129,94,505,489
51700032227,30,96,2,917
51700032228,57,44,1,669
51700032300,907,0,4,0
51700032400,317,82,2,631
51710000100,2,231,4,476
51710000201,15,201,6,406
51710000202,15,184,0,1183
51710000300,69,190,4,547
51710000400,32,310,38,362
51710000500,26,194,2,829
51710000600,19,132,1,948
51710000700,31,58,0,979
51710000800,0,11,1,642
51710000901,617,0,2,0
51710000902,1016,0,12,12
51710001100,31,127,0,412
51710001200,75,155,5,752
51710001300,5,111,0,366
51710001400,26,112,0,538
51710001500,20,42,0,512
51710001600,39,50,4,365
51710001700,30,69,4,328
51710002000,26,4,1,583
51710002100,36,1,2,495
51710002200,31,20,0,810
51710002300,36,41,0,550
51710002400,27,38,1,1291
51710002500,136,147,0,428
51710002600,172,84,5,245
51710002700,150,149,1,425
51710002800,55,171,4,981
51710002900,201,213,0,505
51710003000,18,125,2,668
51710003100,70,78,1,849
51710003200,33,74,1,851
51710003300,82,144,0,786
51710003400,75,71,5,511
51710003501,65,122,5,465
51710003600,110,12,1,91
51710003700,62,151,1,157
51710003800,81,105,2,479
51710004001,24,25,1,131
51710004002,113,111,6,153
51710004100,12,0,2,97
51710004200,57,10,3,62
51710004300,89,107,3,417
51710004400,24,8,0,449
51710004500,35,11,6,458
51710004600,56,45,10,428
51710004700,158,10,3,101
51710004800,65,6,1,80
51710004900,201,72,3,22
51710005000,315,127,1,535
51710005100,168,99,5,798
51710005500,44,61,0,933
51710005601,37,84,0,1652
51710005602,72,83,1,1144
51710005701,179,87,1,908
51710005702,67,38,0,1094
51710005800,93,80,2,597
51710005901,51,251,3,370
51710005902,145,77,3,1316
51710005903,86,36,2,503
51710006000,40,154,1,1264
51710006100,206,313,59,2295
51710006200,75,71,17,1140
51710006400,142,85,1,968
51710006501,56,287,25,365
51710006502,110,199,8,844
51710006601,262,4,0,221
51710006602,31,1,53,1101
51710006603,38,0,0,1134
51710006604,88,187,99,293
51710006605,72,10,0,745
51710006606,71,31,39,1007
51710006607,68,7,0,1135
51710006800,138,21,0,750
51710006901,282,33,135,609
51710006902,134,24,7,962
51710007001,193,111,17,8
51710007002,98,29,25,1119
51710980100,138,0,4,0
51710980200,263,0,0,0
51710980300,123,0,2,0
51710990000,16,0,0,0
51720960100,522,60,352,920
51730810100,219,261,36,740
51730810300,128,261,3,878
51730810400,70,217,0,277
51730810500,112,186,1,1273
51730810600,56,143,0,470
51730810700,63,230,3,502
51730810900,50,79,2,1207
51730811000,140,143,2,1296
51730811100,202,96,5,924
51730811200,394,96,229,1164
51730811300,162,290,7,441
51735340100,55,0,2,1885
51735340200,252,24,159,2011
51735340300,123,4,1,1534
51740210200,177,76,24,738
51740210300,52,27,20,1010
51740210400,56,37,8,606
51740210500,147,37,14,241
51740210600,21,24,25,714
51740210900,147,73,6,195
51740211100,234,34,5,302
51740211400,54,37,14,411
51740211500,174,23,24,647
51740211600,169,33,53,1868
51740211700,103,152,146,1074
51740211800,239,29,46,801
51740211900,77,17,58,551
51740212000,47,24,39,504
51740212100,98,21,3,183
51740212300,218,127,234,1086
51740212400,407,19,26,641
51740212500,122,1,113,934
51740212600,59,12,113,566
51740212701,162,2,73,1723
51740212702,10,1,108,1510
51740212801,257,18,10,1064
51740212802,94,6,7,1454
51740212900,86,21,291,2583
51740213001,605,19,85,2169
51740213002,63,25,4,1660
51740213101,247,13,26,731
51740213103,101,26,4,1890
51740213104,11,2,0,1219
51740213200,121,36,8,372
51740980100,469,0,1,0
51750010101,340,17,10,437
51750010102,238,16,8,316
51750010201,352,30,27,1342
51750010202,272,5,12,1255
51760010201,47,70,5,810
51760010202,73,7,3,559
51760010300,36,44,0,339
51760010401,34,111,6,984
51760010402,61,90,22,954
51760010500,10,18,1,648
51760010600,54,82,4,744
51760010700,58,132,8,886
51760010800,51,133,9,1357
51760010900,72,154,14,836
51760011000,53,152,11,619
51760011100,283,93,13,795
51760020100,26,2,14,280
51760020200,51,115,53,492
51760020300,79,25,8,797
51760020400,91,84,50,534
51760020501,75,44,2,41
51760020502,93,73,3,142
51760020600,58,83,5,389
51760020700,59,39,4,366
51760020800,35,101,3,388
51760020900,97,85,11,957
51760021000,27,67,1,399
51760021100,51,19,1,559
51760021200,21,13,0,614
51760030100,38,108,0,7
51760030200,173,103,4,154
51760030501,148,27,14,5
51760030502,170,3,3,0
51760040201,55,35,6,207
51760040202,525,54,6,119
51760040300,163,3,0,0
51760040400,46,156,8,249
51760040500,90,247,15,376
51760040600,49,163,10,144
51760040700,47,199,7,378
51760040800,104,102,10,261
51760040900,80,200,3,362
51760041000,65,216,7,433
51760041100,239,246,29,286
51760041200,33,41,4,229
51760041300,49,37,0,1089
51760041400,18,70,9,569
51760041600,63,1,3,705
51760050100,125,106,5,744
51760050200,49,21,8,1350
51760050300,37,24,6,349
51760050400,87,6,15,1213
51760050500,251,8,5,1195
51760050600,43,1,2,1058
51760060200,120,32,4,806
51760060400,229,86,7,1737
51760060501,44,80,5,845
51760060502,33,79,5,792
51760060600,39,8,2,1090
51760060700,428,73,21,1309
51760060800,440,34,182,891
51760060900,194,10,117,485
51760061001,203,75,25,497
51760061002,222,51,4,30
51760070100,122,81,17,1731
51760070300,54,78,4,773
51760070400,107,11,3,1552
51760070601,146,106,45,818
51760070602,180,21,2,914
51760070700,124,50,12,1348
51760070802,65,20,3,1193
51760070803,105,52,59,1013
51760070804,32,22,39,1063
51760070901,88,69,1,1530
51760070902,175,62,7,564
51760071002,93,97,22,822
51760071003,23,102,3,449
51760071004,77,131,14,11
51760071100,35,176,3,1116
51770000100,128,72,4,1408
51770000300,271,129,0,1532
51770000400,189,117,2,1934
51770000500,262,162,0,1579
51770000601,309,135,2,1893
51770000602,230,171,2,989
51770000900,230,198,0,1057
51770001000,263,184,0,451
51770001100,121,15,0,11
51770001200,230,352,2,361
51770001800,59,233,1,1153
51770001900,114,243,4,1406
51770002100,169,32,7,1404
51770002200,92,5,3,1210
51770002301,107,61,0,559
51770002302,145,35,0,1558
51770002400,61,113,2,1422
51770002501,213,107,1,694
51770002502,82,139,3,565
51770002600,104,138,0,544
51770002700,163,195,0,1731
51770002800,158,181,0,2032
51770002900,215,155,4,1487
51770003000,216,91,5,1117
51770003100,51,96,0,1445
51775010100,302,118,41,2162
51775010200,350,48,11,2589
51775010300,846,152,265,1218
51775010501,138,57,6,1035
51775010502,98,58,57,2103
51790000100,80,55,27,190
51790000200,72,122,22,1147
51790000300,132,50,27,1925
51790000401,43,27,4,1545
51790000402,60,61,18,1041
51790000500,151,38,3,892
51790000600,274,75,29,1366
51800065100,123,18,0,652
51800065200,185,14,1,791
51800065301,72,17,1,447
51800065302,114,30,0,401
51800065401,110,22,0,693
51800065402,97,6,0,369
51800065500,191,27,2,874
51800075103,71,262,1,425
51800075104,195,21,1,788
51800075105,160,73,4,680
51800075106,99,183,0,1355
51800075202,34,0,0,564
51800075203,99,0,0,1273
51800075205,76,76,32,444
51800075206,306,2,40,482
51800075207,86,0,0,741
51800075208,83,0,1,1352
51800075301,121,0,1,1166
51800075302,344,10,3,1349
51800075401,264,11,3,688
51800075402,100,17,0,1375
51800075404,157,0,0,612
51800075405,459,0,4,1457
51800075406,216,222,0,517
51800075407,123,0,71,556
51800075502,323,3,2,1603
51800075503,165,0,2,1127
51800075504,484,29,1,707
51800075601,111,9,0,1291
51800075602,508,0,1,959
51800075701,304,37,0,415
51800075702,281,0,4,1608
51800075703,384,0,1,909
51800075801,862,1,6,2057
51800075802,460,0,11,986
51800075803,335,0,2,868
51810040000,1063,0,0,1
51810040200,423,87,11,389
51810040403,55,78,2,1007
51810040404,99,637,9,1556
51810040405,51,165,2,53
51810040406,24,87,0,184
51810040600,278,267,13,601
51810040801,67,66,0,1053
51810040802,55,155,0,1209
51810041002,210,38,333,391
51810041003,102,21,0,1013
51810041004,66,14,0,1256
51810041200,140,121,1,2266
51810041400,140,5,0,1978
51810041600,72,32,3,1190
51810041801,51,475,3,476
51810041803,43,309,0,351
51810041804,62,285,2,903
51810042000,30,0,1,1554
51810042201,19,43,0,1145
51810042202,81,10,0,1820
51810042400,47,12,5,1564
51810042600,185,107,0,593
51810042801,36,0,0,2150
51810042802,51,110,1,627
51810043002,139,32,4,1786
51810043004,33,222,6,1115
51810043005,15,71,1,11
51810043006,109,178,2,347
51810043200,399,0,0,0
51810043400,55,510,17,489
51810043600,33,257,6,557
51810043800,134,75,23,1347
51810044004,192,259,47,291
51810044005,24,130,0,46
51810044006,51,210,0,135
51810044007,87,202,8,1079
51810044008,65,27,20,657
51810044201,170,144,1,561
51810044202,124,158,262,123
51810044401,44,0,2,1577
51810044402,106,116,4,1367
51810044600,192,44,11,2236
51810044805,167,160,0,27
51810044806,265,205,4,679
51810044807,67,71,5,666
51810044808,67,161,70,295
51810045000,437,0,0,0
51810045200,685,9,0,195
51810045405,35,62,1,867
51810045407,618,45,4,1353
51810045408,205,94,285,1339
51810045412,282,5,1,1622
51810045414,58,65,0,1052
51810045415,28,0,0,674
51810045420,70,99,1,1615
51810045421,52,11,0,1012
51810045422,90,0,1,1677
51810045424,153,144,1,2071
51810045425,6,0,0,1029
51810045426,51,33,0,2198
51810045427,76,73,0,1542
51810045428,73,211,3,159
51810045429,132,31,0,1205
51810045430,124,32,0,459
51810045431,58,37,0,1309
51810045432,67,36,1,1560
51810045433,219,199,18,1035
51810045434,160,68,5,1852
51810045601,33,2,0,899
51810045603,51,79,2,86
51810045605,38,166,9,154
51810045606,49,128,4,98
51810045801,159,39,4,1296
51810045803,55,35,0,668
51810045805,4,0,0,504
51810045806,17,16,0,1008
51810045807,15,53,0,72
51810045808,10,159,0,307
51810045809,60,211,0,1183
51810045810,32,34,0,190
51810046002,58,48,0,1559
51810046006,68,1,0,1601
51810046009,167,29,8,1633
51810046010,37,12,0,888
51810046011,32,59,2,297
51810046013,22,66,1,630
51810046014,48,395,0,1087
51810046015,131,73,0,1568
51810046016,21,0,1,1283
51810046017,31,210,0,236
51810046018,34,119,0,888
51810046019,83,147,1,421
51810046020,67,108,217,300
51810046204,163,38,7,1886
51810046206,93,17,2,1772
51810046207,159,146,2,1157
51810046211,39,0,2,1215
51810046212,18,0,0,1548
51810046213,18,132,0,786
51810046214,17,43,0,1372
51810046216,36,27,2,1858
51810046217,14,28,0,1300
51810046219,49,27,1,1079
51810046220,79,80,1,892
51810046221,17,69,0,456
51810046222,28,1,1,1743
51810046223,41,75,0,906
51810046224,29,2,0,1068
51810046225,52,63,0,1415
51810046400,535,16,8,4223
51810990100,11,0,0,0
51820003100,266,7,114,176
51820003200,408,62,238,1424
51820003300,125,88,87,1502
51820003400,148,8,282,1873
51820003500,158,62,48,1810
51830370100,544,155,33,1133
51830370200,113,104,49,438
51830370300,382,126,42,701
51840000101,96,52,2,936
51840000102,186,155,3,665
51840000201,271,88,4,1143
51840000202,267,92,8,1809
51840000301,369,97,8,1050
51840000302,526,136,7,1260
