GEOID,max_intensity,population,Total_Num_Building,risk_level,BHI_factor_low,shelter_seeking_low
06055201102,0.6,1811,1482.0,low,0.0065,11.7081
06055200803,0.58,2149,750.0,low,0.0766,164.6752
06055200703,0.58,3078,1182.0,low,0.0594,182.8293
06055200705,0.58,2845,783.0,low,0.0845,240.3797
06055200802,0.58,5887,1322.0,low,0.0393,231.5526
06055200804,0.58,5535,1036.0,low,0.0702,388.4082
06055200201,0.56,3259,1149.0,low,0.0809,263.8036
06055200501,0.54,5159,1364.0,low,0.0966,498.5809
06055200704,0.54,4493,1284.0,low,0.0599,269.349
06055200202,0.54,2479,697.0,low,0.0731,181.1486
06055200203,0.54,2312,661.0,low,0.0563,130.1304
06055201101,0.54,2077,820.0,low,0.0524,108.7678
06055200503,0.52,2645,641.0,low,0.0693,183.4022
06055200400,0.5,3579,1681.0,low,0.0265,94.8974
06055200301,0.5,5602,1433.0,low,0.0599,335.364
06055200504,0.5,6577,1483.0,low,0.0632,415.8991
06055200707,0.5,3302,841.0,low,0.0509,168.1058
06055200706,0.5,3238,982.0,low,0.049,158.5674
06055200601,0.48,4892,1461.0,low,0.0651,318.3563
06055201005,0.46,2602,1250.0,low,0.0297,77.159
06055200900,0.46,67,254.0,low,0.0398,2.664
06055201200,0.46,4700,2086.0,low,0.0158,74.1396
06055200602,0.44,4594,1235.0,low,0.0393,180.7561
06055200505,0.44,2617,436.0,low,0.0455,119.1548
06055200302,0.42,2721,938.0,low,0.0286,77.9291
06097150100,0.4,2148,2708.0,low,0.0002,0.3942
06055201401,0.38,2709,2403.0,low,0.0044,11.9362
06055201003,0.38,5447,1290.0,low,0.0071,38.694
06055201402,0.36,2762,2038.0,low,0.0058,16.1376
06055201006,0.36,3422,1118.0,low,0.0337,115.2813
06095251802,0.34,3132,721.0,low,0.0959,300.273
06095251400,0.34,6010,1959.0,low,0.0279,167.7334
06055201007,0.34,4226,1053.0,low,0.0328,138.5105
06095251803,0.32,5526,1409.0,low,0.0173,95.3555
06055201004,0.32,6836,1615.0,low,0.0584,398.8919
06095251500,0.32,3992,1120.0,low,0.0359,143.1737
06095251902,0.32,6123,1595.0,low,0.0405,247.9277
06095251901,0.32,5264,1414.0,low,0.0224,117.9373
06095251804,0.32,3621,961.0,low,0.0229,82.7757
06095251600,0.3,2694,727.0,low,0.0214,57.5592
06095251701,0.3,3800,975.0,low,0.018,68.3763
06095250801,0.3,4916,1450.0,low,0.0047,23.0613
06095251200,0.28,3639,1189.0,low,0.0207,75.2374
06095251100,0.28,3490,1031.0,low,0.0209,72.8988
06095251903,0.28,5906,1625.0,low,0.0198,116.904
06095251000,0.28,2742,724.0,low,0.0331,90.7422
06095250900,0.28,3038,342.0,low,0.0282,85.6785
06095250701,0.28,3473,1145.0,low,0.0474,164.5721
06095251300,0.28,3168,1312.0,low,0.0233,73.6592
06095250604,0.26,3848,1063.0,low,0.0114,43.9051
06013358000,0.26,6237,2127.0,low,0.0062,38.6532
06095251702,0.26,2819,444.0,low,0.0205,57.8923
06013357000,0.26,3202,1067.0,low,0.0018,5.6449
06055201300,0.26,3436,994.0,low,0.0304,104.4451
06095250103,0.24,4804,1271.0,low,0.0149,71.7056
06095250105,0.24,7243,1687.0,low,0.0116,83.8619
06095250300,0.24,3539,1231.0,low,0.0181,64.0449
06095250601,0.24,4833,1577.0,low,0.0121,58.5924
06013356001,0.22,3908,1213.0,low,0.0017,6.5997
06097150204,0.22,3559,1675.0,low,0.012,42.8366
06095250106,0.22,3684,1124.0,low,0.0034,12.6017
06095250400,0.22,3372,1263.0,low,0.0145,48.7254
06055201500,0.2,1703,2074.0,low,0.0008,1.4267
06095250605,0.2,4012,1292.0,low,0.0058,23.2167
06095250104,0.2,2257,696.0,low,0.0085,19.1145
06095250501,0.2,2215,829.0,low,0.0146,32.3863
06095250200,0.2,4280,1251.0,low,0.0113,48.355
06013990000,0.2,0,4.0,low,0.0,0.0
06097150305,0.18,5353,1280.0,low,0.0153,82.0123
06097150203,0.18,4529,2042.0,low,0.0155,70.2738
06095252103,0.16,5643,1361.0,low,0.0059,33.0552
06097150306,0.16,3746,1456.0,low,0.0098,36.6789
06097150304,0.16,5834,1935.0,low,0.0094,54.9159
06097150303,0.16,4013,3114.0,low,0.0016,6.483
06095250502,0.16,3266,1048.0,low,0.0058,19.0913
06095252000,0.14,4361,1676.0,low,0.0014,5.9732
06055201403,0.14,697,766.0,low,0.0001,0.0851
06013392300,0.14,3742,853.0,low,0.0035,13.1826
06095252104,0.14,5981,1854.0,low,0.0018,10.8129
06095252105,0.12,3204,1014.0,low,0.0035,11.0808
06013359202,0.12,6130,2230.0,low,0.0006,3.903
06097151602,0.12,3212,2140.0,low,0.0001,0.3511
06013356002,0.12,5481,2338.0,low,0.0,0.0164
06055201601,0.12,2261,1002.0,low,0.0023,5.182
06013359203,0.12,7013,1972.0,low,0.0036,25.2905
06013360102,0.12,4381,1673.0,low,0.0007,2.9693
06095252310,0.1,3067,1276.0,low,0.0001,0.2836
06013359204,0.1,4711,1520.0,low,0.0017,7.9024
06055201700,0.1,4984,2451.0,low,0.0001,0.7357
06013360101,0.1,4855,1825.0,low,0.0006,2.8862
06095252305,0.1,6084,1953.0,low,0.0006,3.8637
06097151601,0.1,2983,1769.0,low,0.0006,1.6958
06095252702,0.1,7039,2427.0,low,0.0002,1.5474
06097151503,0.1,3446,1565.0,low,0.0001,0.3221
06013359105,0.1,5276,1265.0,low,0.0017,8.7882
06055201602,0.1,3169,1686.0,low,0.0028,8.824
06013359102,0.1,5496,1640.0,low,0.0006,3.2964
06013318000,0.1,3442,1127.0,low,0.0006,2.1126
06013359104,0.1,2116,306.0,low,0.0017,3.6502
06095252102,0.1,3992,1840.0,low,0.001,3.9511
06013316000,0.1,1605,252.0,low,0.0024,3.8041
06095252106,0.1,4122,1169.0,low,0.0017,7.0698
06013359103,0.1,5269,1594.0,low,0.0006,3.1759
06095252108,0.1,3067,1003.0,low,0.0006,1.8399
06013364002,0.08,5868,1733.0,low,0.0001,0.5554
06013315000,0.08,3434,1800.0,low,0.0001,0.4076
06097150612,0.08,4449,2426.0,low,0.0002,0.7118
06013317000,0.08,2078,763.0,low,0.0006,1.295
06013321101,0.08,6498,2078.0,low,0.0006,4.1766
06013363000,0.08,7612,2456.0,low,0.0001,0.7623
06055201800,0.08,1781,1361.0,low,0.0,0.0724
06013320001,0.08,3626,1619.0,low,0.0006,2.3535
06055201900,0.08,1138,1223.0,low,0.0,0.0128
06097150602,0.08,4347,1237.0,low,0.0008,3.3091
06097150603,0.08,7277,1760.0,low,0.0006,4.3388
06097150607,0.08,5157,1981.0,low,0.0007,3.3917
06013321103,0.08,4779,1685.0,low,0.0001,0.4548
06097150611,0.08,4180,903.0,low,0.0006,2.4699
06095252107,0.08,3535,1098.0,low,0.0006,2.0533
06097151309,0.08,6361,1909.0,low,0.0006,3.6955
06095252402,0.08,5419,1512.0,low,0.0009,4.7679
06041990100,0.08,0,0.0,low,,
06097150701,0.06,4744,1516.0,low,0.0001,0.6637
06013320003,0.06,2801,725.0,low,0.0006,1.6575
06013314200,0.06,7168,1886.0,low,0.0007,5.0318
06041101100,0.06,2682,1366.0,low,0.0,0.0085
06041101200,0.06,2924,1140.0,low,0.0,0.0398
06041104300,0.06,1564,749.0,low,0.0001,0.1606
06041106001,0.06,5004,861.0,low,0.0001,0.2672
06097152502,0.06,3498,1227.0,low,0.0028,9.6273
06013320004,0.06,7038,1726.0,low,0.0001,0.7077
06097152501,0.06,4396,1147.0,low,0.0006,2.6029
06013321102,0.06,6826,2158.0,low,0.0001,0.7851
06013321200,0.06,5589,1227.0,low,0.0001,0.7928
06013322000,0.06,6528,2214.0,low,0.0001,0.8147
06097153501,0.06,4505,3399.0,low,0.0,0.0319
06097154100,0.06,3399,3328.0,low,0.0,0.0007
06097150609,0.06,4988,1465.0,low,0.0026,13.0145
06097150702,0.06,5187,2034.0,low,0.0,0.0174
06097150800,0.06,4941,1896.0,low,0.0,0.0159
06097150901,0.06,5104,1364.0,low,0.0001,0.5614
06097150902,0.06,3406,1391.0,low,0.0001,0.3778
06097150601,0.06,4411,973.0,low,0.0012,5.1421
06097151000,0.06,3359,2788.0,low,0.0002,0.5877
06097151100,0.06,4855,4194.0,low,0.0,0.0782
06097151203,0.06,5269,1395.0,low,0.0006,3.1108
06097151204,0.06,3651,1165.0,low,0.0004,1.3114
06097151301,0.06,4467,908.0,low,0.0012,5.4943
06097150610,0.06,3956,975.0,low,0.0006,2.2586
06097151305,0.06,5533,842.0,low,0.0006,3.5182
06097151306,0.06,3795,821.0,low,0.0027,10.1135
06095253108,0.06,4353,1199.0,low,0.0005,2.0145
06095253101,0.06,5302,1911.0,low,0.0001,0.5797
06013365003,0.06,5215,800.0,low,0.0001,0.5993
06097151307,0.06,5218,1544.0,low,0.0007,3.4573
06097151308,0.06,4870,1483.0,low,0.0021,10.2052
06013361000,0.06,4763,1427.0,low,0.0,0.01
06013360200,0.06,5094,1551.0,low,0.0003,1.7622
06097151310,0.06,6959,1017.0,low,0.0006,4.1588
06097151311,0.06,6792,1410.0,low,0.0008,5.7127
06097151504,0.06,3705,1226.0,low,0.0002,0.5591
06097151800,0.06,5056,2007.0,low,0.0001,0.5036
06013347000,0.06,6230,2390.0,low,0.0,0.0118
06095252707,0.06,5044,1826.0,low,0.0008,4.0389
06095252705,0.06,6144,1916.0,low,0.0001,0.8835
06095252703,0.06,4263,1065.0,low,0.0008,3.2989
06095252611,0.06,3607,659.0,low,0.0006,2.1188
06095252610,0.06,3317,1031.0,low,0.0006,1.88
06095252608,0.06,4190,822.0,low,0.0007,2.9701
06095252607,0.06,3836,760.0,low,0.0006,2.2766
06095252606,0.06,5423,1159.0,low,0.0007,3.7477
06095252605,0.06,5985,1167.0,low,0.0022,12.9519
06055202000,0.06,5228,1995.0,low,0.0009,4.8923
06095252604,0.06,3652,809.0,low,0.0008,2.9339
06095252502,0.06,1896,567.0,low,0.0008,1.4669
06095252501,0.06,2870,794.0,low,0.0006,1.7577
06095252401,0.06,4855,1247.0,low,0.0006,2.9114
06095252317,0.06,11656,2388.0,low,0.0001,1.622
06095252316,0.06,3622,1114.0,low,0.0006,2.1122
06095252315,0.06,4283,1337.0,low,0.0001,0.393
06095252314,0.06,4599,1336.0,low,0.0006,2.6532
06095252313,0.06,5887,1522.0,low,0.0002,1.2265
06095252312,0.06,3443,946.0,low,0.0019,6.4793
06095252311,0.06,4623,1379.0,low,0.0001,0.4381
06095252306,0.06,3523,1189.0,low,0.0006,2.0661
06095252706,0.06,4182,1442.0,low,0.0001,0.3701
06095252704,0.06,5325,1306.0,low,0.0006,3.161
06095252903,0.06,4475,3228.0,low,0.0,0.0257
06013328000,0.04,2411,271.0,low,0.0,0.0162
06041102100,0.04,2251,779.0,low,0.0,0.0085
06097153006,0.04,7343,2261.0,low,0.0,0.2967
06013346102,0.04,5748,2307.0,low,0.0,0.0164
06013345204,0.04,3669,1458.0,low,0.0,0.0077
06013340001,0.04,6419,1867.0,low,0.0001,0.7022
06013338204,0.04,6234,993.0,low,0.0,0.0125
06013338203,0.04,5379,782.0,low,0.0001,0.6036
06013338201,0.04,3814,1438.0,low,0.0,0.0094
06013338102,0.04,3498,1195.0,low,0.0,0.0063
06013338101,0.04,5161,893.0,low,0.0005,2.814
06033001200,0.04,3414,2677.0,low,0.0,0.0043
06097153102,0.04,5566,1066.0,low,0.0001,0.5344
06013336202,0.04,5720,467.0,low,0.0005,3.0017
06013336201,0.04,4062,965.0,low,0.0003,1.2838
06097153005,0.04,6614,3052.0,low,0.0,0.1078
06041102202,0.04,6003,1768.0,low,0.0,0.012
06097153104,0.04,4093,954.0,low,0.0005,2.0231
06041102203,0.04,5174,1176.0,low,0.0,0.059
06081984300,0.04,0,143.0,low,0.0002,0.0
06041133000,0.04,3215,3259.0,low,0.0,0.0249
06041132200,0.04,1824,1386.0,low,0.0,0.0002
06041121200,0.04,6478,1701.0,low,0.0,0.1401
06041121100,0.04,5799,1950.0,low,0.0,0.015
06041119202,0.04,3567,1271.0,low,0.0,0.0063
06041119201,0.04,3644,393.0,low,0.0,0.0109
06041112202,0.04,4445,680.0,low,0.0,0.0169
06041108100,0.04,6692,2229.0,low,0.0,0.0275
06041107000,0.04,6306,2166.0,low,0.0,0.0122
06041106002,0.04,5666,1782.0,low,0.0,0.0473
06081990100,0.04,0,0.0,low,,
06041104200,0.04,5733,1584.0,low,0.0,0.0124
06041104102,0.04,5321,944.0,low,0.0001,0.5329
06041103200,0.04,6720,1865.0,low,0.0,0.021
06041103100,0.04,7376,2981.0,low,0.0,0.0251
06097153103,0.04,4860,1108.0,low,0.0001,0.4661
06013326000,0.04,3508,1345.0,low,0.0001,0.3234
06013369002,0.04,2839,896.0,low,0.0,0.0281
06013369001,0.04,6771,1034.0,low,0.0001,0.3761
06013368002,0.04,4148,818.0,low,0.0,0.0396
06013367200,0.04,5754,1197.0,low,0.0001,0.5755
06013367100,0.04,5941,1466.0,low,0.0001,0.8859
06013366002,0.04,6525,1368.0,low,0.0001,0.6404
06013366001,0.04,4594,1139.0,low,0.0001,0.4397
06013365002,0.04,6085,1656.0,low,0.0,0.0163
06013309000,0.04,3699,852.0,low,0.0,0.0086
06013310000,0.04,6106,1353.0,low,0.0,0.0225
06013311000,0.04,5668,1171.0,low,0.0,0.0109
06067009800,0.04,2183,1128.0,low,0.0001,0.1489
06013314102,0.04,6812,1672.0,low,0.0001,0.3807
06013314103,0.04,5513,1074.0,low,0.0002,1.244
06013323000,0.04,4622,1563.0,low,0.0001,0.4486
06013324002,0.04,5519,992.0,low,0.0001,0.6328
06013325000,0.04,5733,1936.0,low,0.0001,0.5764
06013378000,0.04,3892,2310.0,low,0.0,0.0129
06097154000,0.04,2235,2299.0,low,0.0,0.0009
06097153903,0.04,3588,1616.0,low,0.0001,0.3595
06013334200,0.04,7194,2272.0,low,0.0,0.0155
06097153403,0.04,4010,2120.0,low,0.0004,1.6331
06097153404,0.04,4094,2020.0,low,0.0,0.023
06097153502,0.04,3720,2616.0,low,0.0,0.0555
06013336101,0.04,4808,395.0,low,0.0,0.0141
06013335000,0.04,3463,1257.0,low,0.0,0.0127
06097153804,0.04,3231,869.0,low,0.0001,0.3011
06097153806,0.04,2686,802.0,low,0.0001,0.2504
06097153902,0.04,4436,1553.0,low,0.0002,1.0179
06013331000,0.04,7337,2329.0,low,0.0,0.0765
06097153002,0.04,6578,1572.0,low,0.0003,1.8519
06013330000,0.04,5587,1744.0,low,0.0,0.0106
06013329000,0.04,6579,1946.0,low,0.0001,0.6481
06097153807,0.04,3957,1585.0,low,0.0,0.0178
06097153808,0.04,4313,1096.0,low,0.0,0.1995
06097153809,0.04,4510,1372.0,low,0.0,0.1582
06097153003,0.04,5834,1302.0,low,0.0005,3.1729
06081602300,0.04,4238,1867.0,low,0.0,0.0234
06097153001,0.04,7397,1363.0,low,0.0,0.0385
06081608100,0.04,3645,767.0,low,0.0,0.0072
06095252913,0.04,4998,1629.0,low,0.0001,0.4487
06095252912,0.04,5612,1850.0,low,0.0,0.0112
06081607600,0.04,4269,1156.0,low,0.0,0.0108
06081607701,0.04,3998,1052.0,low,0.0001,0.3852
06095252911,0.04,5070,1684.0,low,0.0,0.1006
06081607702,0.04,2893,846.0,low,0.0001,0.2666
06081607800,0.04,3198,1064.0,low,0.0001,0.3167
06081607900,0.04,3518,359.0,low,0.0001,0.3803
06095252910,0.04,5788,1687.0,low,0.0001,0.5433
06081608200,0.04,3749,937.0,low,0.0,0.0073
06081605100,0.04,3339,1149.0,low,0.0001,0.4781
06095252909,0.04,4421,1184.0,low,0.0,0.0384
06081605800,0.04,2621,1010.0,low,0.0,0.0109
06081600100,0.04,5474,1676.0,low,0.0,0.0437
06081605600,0.04,5832,2470.0,low,0.0,0.0112
06081608400,0.04,5664,738.0,low,0.0,0.0148
06081605400,0.04,6364,1862.0,low,0.0001,0.6758
06081605300,0.04,5022,1537.0,low,0.0,0.0211
06081605200,0.04,3816,1349.0,low,0.0,0.0077
06097151900,0.04,2921,931.0,low,0.0001,0.299
06095252914,0.04,5592,1545.0,low,0.0001,0.5117
06081607500,0.04,6613,893.0,low,0.0,0.0184
06113011500,0.04,5709,3539.0,low,0.0,0.1189
06095253300,0.04,2527,2793.0,low,0.0,0.0289
06095253206,0.04,3688,1261.0,low,0.0,0.0067
06095253205,0.04,3091,841.0,low,0.0,0.0148
06095253203,0.04,4179,1350.0,low,0.0001,0.6239
06095253201,0.04,4821,1888.0,low,0.0002,0.9558
06097152906,0.04,6084,2847.0,low,0.0,0.0181
06081606000,0.04,5242,579.0,low,0.0001,0.5678
06095253107,0.04,5999,1599.0,low,0.0004,2.5269
06095253106,0.04,3427,864.0,low,0.0001,0.3268
06095253105,0.04,6489,1286.0,low,0.0,0.1499
06095253000,0.04,6640,145.0,low,0.0001,0.9085
06095252915,0.04,6318,1560.0,low,0.0,0.0108
06095980000,0.04,4,210.0,low,0.0002,0.0008
06081606100,0.04,4380,1193.0,low,0.0,0.009
06081606300,0.04,4159,858.0,low,0.0,0.0159
06095252802,0.04,1472,285.0,low,0.0001,0.1678
06095252801,0.04,2635,676.0,low,0.0001,0.25
06097152000,0.04,2168,471.0,low,0.0002,0.4256
06081608002,0.04,3728,785.0,low,0.0,0.0066
06097152100,0.04,2804,866.0,low,0.0005,1.4049
06081604600,0.04,2808,1014.0,low,0.0,0.0051
06097152201,0.04,3839,1153.0,low,0.0001,0.4385
06081603900,0.04,5590,1651.0,low,0.0,0.0122
06097152801,0.04,4526,1264.0,low,0.0,0.0472
06097152702,0.04,5007,1507.0,low,0.0,0.0917
06097152701,0.04,5122,1692.0,low,0.0,0.1805
06081604102,0.04,3565,185.0,low,0.0,0.0184
06095252904,0.04,8478,3582.0,low,0.0,0.2257
06095252908,0.04,3825,944.0,low,0.0,0.0078
06081604200,0.04,4197,1089.0,low,0.0,0.0122
06081604400,0.04,5287,949.0,low,0.0001,0.6614
06081604500,0.04,3648,1235.0,low,0.0,0.0067
06081604000,0.04,3314,1213.0,low,0.0,0.0063
06081604700,0.04,2879,961.0,low,0.0,0.0176
06097152300,0.04,4153,1693.0,low,0.0001,0.3953
06097152903,0.04,5185,993.0,low,0.0,0.0215
06081604800,0.04,5207,1157.0,low,0.0,0.0224
06081604900,0.04,3387,1026.0,low,0.0,0.0062
06081605000,0.04,8603,2299.0,low,0.0,0.0185
06097152203,0.04,3628,1312.0,low,0.0001,0.5301
06097152904,0.04,5366,1635.0,low,0.0,0.011
06067004203,0.02,5889,1155.0,low,0.0,0.022
06067009317,0.02,7182,1905.0,low,0.0,0.0136
06067008913,0.02,4320,1253.0,low,0.0,0.0001
06067004202,0.02,5774,1432.0,low,0.0,0.0214
06067004402,0.02,4343,1331.0,low,0.0,0.008
06067004501,0.02,3643,976.0,low,0.0,0.0197
06067004502,0.02,5362,1295.0,low,0.0001,0.3832
06067009318,0.02,2497,734.0,low,0.0,0.005
06067009319,0.02,5588,1487.0,low,0.0,0.0099
06067009316,0.02,4915,1285.0,low,0.0,0.0307
06067009314,0.02,6350,1567.0,low,0.0,0.0005
06067004401,0.02,4431,1375.0,low,0.0,0.009
06067009004,0.02,4041,1174.0,low,0.0,0.008
06067005701,0.02,3175,1420.0,low,0.0,0.007
06067009005,0.02,3511,1162.0,low,0.0,0.0031
06067009321,0.02,5975,1798.0,low,0.0,0.1617
06067004904,0.02,6468,1782.0,low,0.0,0.0121
06067005606,0.02,4461,1732.0,low,0.0,0.017
06067004201,0.02,5564,1710.0,low,0.0,0.0161
06067004602,0.02,5663,1173.0,low,0.0,0.092
06067004802,0.02,4958,1207.0,low,0.0,0.0101
06067009006,0.02,5649,1740.0,low,0.0001,0.473
06067009320,0.02,4688,1311.0,low,0.0,0.0089
06067004801,0.02,6041,1635.0,low,0.0,0.2216
06067004702,0.02,5050,1142.0,low,0.0,0.01
06067004701,0.02,3895,658.0,low,0.0,0.0092
06067009312,0.02,7749,1799.0,low,0.0,0.0001
06067004100,0.02,5459,1495.0,low,0.0,0.0193
06067009111,0.02,5800,1420.0,low,0.0,0.0115
06067009109,0.02,4875,1616.0,low,0.0,0.0088
06067009108,0.02,3800,1219.0,low,0.0,0.0163
06067009107,0.02,3361,1001.0,low,0.0,0.0067
06067009106,0.02,4247,1096.0,low,0.0,0.0088
06067003600,0.02,2728,1168.0,low,0.0,0.0067
06067008910,0.02,3768,1056.0,low,0.0,0.0072
06067009105,0.02,2905,739.0,low,0.0,0.0062
06067009103,0.02,3472,913.0,low,0.0,0.0076
06067003502,0.02,3034,1373.0,low,0.0,0.011
06067003501,0.02,2760,1242.0,low,0.0,0.0104
06067003400,0.02,4335,1770.0,low,0.0,0.0083
06067009007,0.02,3084,574.0,low,0.0,0.0083
06067009008,0.02,5143,1195.0,low,0.0,0.0001
06067009010,0.02,6018,1185.0,low,0.0,0.0002
06067009011,0.02,5547,1752.0,low,0.0,0.0001
06067009110,0.02,1873,182.0,low,0.0,0.0093
06067009112,0.02,3690,961.0,low,0.0,0.0074
06067004012,0.02,3338,1039.0,low,0.0,0.0065
06067003700,0.02,4611,1519.0,low,0.0,0.0086
06067004011,0.02,3185,986.0,low,0.0,0.0063
06067004008,0.02,3665,1408.0,low,0.0,0.0061
06067004006,0.02,5175,1367.0,low,0.0,0.0191
06067004005,0.02,4418,1380.0,low,0.0,0.0086
06067003900,0.02,3598,1404.0,low,0.0,0.0069
06067003800,0.02,5348,1825.0,low,0.0,0.0095
06067009311,0.02,6750,1881.0,low,0.0,0.0003
06067009310,0.02,7303,2348.0,low,0.0,0.0001
06067009309,0.02,2424,906.0,low,0.0,0.1031
06067009308,0.02,6197,1817.0,low,0.0,0.0126
06067009307,0.02,5436,1453.0,low,0.0,0.0001
06067009201,0.02,6781,3150.0,low,0.0,0.0055
06067008911,0.02,2434,444.0,low,0.0,0.0291
06067008909,0.02,2481,662.0,low,0.0,0.0047
06067009323,0.02,5605,1428.0,low,0.0,0.0108
06067007013,0.02,3015,796.0,low,0.0,0.0091
06067007016,0.02,5971,1485.0,low,0.0,0.0098
06067007017,0.02,2986,1135.0,low,0.0,0.0149
06067005505,0.02,5619,1170.0,low,0.0,0.0156
06067005506,0.02,3410,584.0,low,0.0,0.0128
06067005508,0.02,3491,590.0,low,0.0,0.0111
06067005403,0.02,2234,840.0,low,0.0,0.0047
06067005402,0.02,3272,543.0,low,0.0,0.0521
06067005801,0.02,5335,1804.0,low,0.0,0.0098
06067005509,0.02,2008,158.0,low,0.0,0.0077
06067007011,0.02,6494,1294.0,low,0.0,0.0529
06067005510,0.02,5238,585.0,low,0.0,0.0194
06067005301,0.02,5508,571.0,low,0.0,0.0259
06067005205,0.02,3096,1189.0,low,0.0001,0.1699
06067005601,0.02,6136,1505.0,low,0.0,0.0162
06067005605,0.02,3758,1029.0,low,0.0,0.0083
06067005204,0.02,4900,1850.0,low,0.0,0.0247
06067005202,0.02,3513,1104.0,low,0.0,0.0067
06067007019,0.02,2815,569.0,low,0.0,0.0213
06067007020,0.02,4225,1286.0,low,0.0,0.0078
06067007101,0.02,218,270.0,low,0.0,0.0049
06067007012,0.02,3605,1078.0,low,0.0,0.0067
06067005502,0.02,6031,1431.0,low,0.0,0.0181
06067008905,0.02,4912,1326.0,low,0.0,0.0001
06067006202,0.02,4319,1215.0,low,0.0,0.0727
06067005803,0.02,3731,1470.0,low,0.0,0.0068
06067005804,0.02,2659,910.0,low,0.0,0.0053
06067005901,0.02,6722,2001.0,low,0.0,0.0126
06067005903,0.02,2996,451.0,low,0.0,0.0086
06067005904,0.02,5348,1621.0,low,0.0,0.0207
06067006002,0.02,5309,1437.0,low,0.0,0.0137
06067006003,0.02,5029,1116.0,low,0.0,0.0117
06067006004,0.02,2626,1004.0,low,0.0,0.0047
06067006101,0.02,5500,1559.0,low,0.0,0.1041
06067006102,0.02,4047,842.0,low,0.0,0.0101
06067006300,0.02,5262,1817.0,low,0.0,0.0238
06067007010,0.02,4015,810.0,low,0.0,0.0143
06067006400,0.02,5918,2183.0,low,0.0,0.1589
06067006600,0.02,7103,2040.0,low,0.0,0.0388
06067005404,0.02,6080,2053.0,low,0.0,0.014
06067007001,0.02,4493,1346.0,low,0.0,0.0702
06067007007,0.02,5691,1467.0,low,0.0,0.0265
06067007103,0.02,4058,786.0,low,0.0,0.0097
06067005201,0.02,4645,250.0,low,0.0,0.0215
06067007701,0.02,7420,1636.0,low,0.0,0.0176
06067007430,0.02,8078,1772.0,low,0.0,0.0001
06067007431,0.02,3613,968.0,low,0.0,0.006
06067004906,0.02,3279,975.0,low,0.0,0.1504
06067007432,0.02,5236,1134.0,low,0.0,0.0001
06067007501,0.02,7168,1375.0,low,0.0,0.0006
06067007503,0.02,5605,1014.0,low,0.0,0.0236
06067007504,0.02,2256,859.0,low,0.0,0.0068
06067007602,0.02,5108,1412.0,low,0.0,0.0113
06067007702,0.02,4855,1427.0,low,0.0,0.0102
06067005102,0.02,4632,1626.0,low,0.0001,0.3584
06067007801,0.02,5807,1928.0,low,0.0,0.0001
06067007802,0.02,4951,1660.0,low,0.0,0.0171
06067007903,0.02,4869,1736.0,low,0.0,0.0001
06067007906,0.02,3832,1240.0,low,0.0,0.0002
06067008117,0.02,2168,780.0,low,0.0,0.0
06067008130,0.02,4014,1386.0,low,0.0,0.003
06067008131,0.02,5796,1666.0,low,0.0,0.0075
06067008133,0.02,2794,578.0,low,0.0,0.0016
06067005702,0.02,4887,2128.0,low,0.0,0.0092
06085513000,0.02,14272,458.0,low,0.0,0.1011
06067007429,0.02,5186,771.0,low,0.0,0.0122
06067007428,0.02,3756,1029.0,low,0.0,0.0
06067007427,0.02,7278,1506.0,low,0.0,0.0146
06067007426,0.02,2444,471.0,low,0.0,0.005
06067005101,0.02,4879,1386.0,low,0.0,0.1218
06067007105,0.02,7408,2121.0,low,0.0,0.0123
06067007106,0.02,7378,2098.0,low,0.0,0.0125
06067007107,0.02,4076,1138.0,low,0.0,0.0067
06067007202,0.02,4282,2590.0,low,0.0,0.0352
06067005002,0.02,7436,1889.0,low,0.0,0.3237
06067007204,0.02,5509,1987.0,low,0.0,0.0111
06067007206,0.02,4067,2069.0,low,0.0,0.022
06067007207,0.02,4330,1974.0,low,0.0,0.0139
06067007208,0.02,4819,2143.0,low,0.0,0.0817
06067007209,0.02,3881,1497.0,low,0.0,0.0081
06067007301,0.02,5251,1772.0,low,0.0,0.0141
06067007402,0.02,6992,2195.0,low,0.0,0.0124
06067007403,0.02,4969,1588.0,low,0.0,0.0088
06067007413,0.02,7556,1745.0,low,0.0001,0.5306
06067007414,0.02,4409,1059.0,low,0.0,0.0186
06067007415,0.02,3445,908.0,low,0.0,0.0001
06067007416,0.02,4175,966.0,low,0.0,0.1266
06067007417,0.02,3685,900.0,low,0.0,0.0386
06067007422,0.02,2849,466.0,low,0.0,0.0001
06067007423,0.02,5803,591.0,low,0.0,0.0185
06067007424,0.02,4087,931.0,low,0.0,0.0171
06081601800,0.02,6366,2058.0,low,0.0,0.013
06081601605,0.02,6157,1608.0,low,0.0,0.0109
06081601604,0.02,2431,135.0,low,0.0,0.0068
06081601603,0.02,5923,1366.0,low,0.0,0.0115
06081601601,0.02,2884,1084.0,low,0.0001,0.2653
06081601502,0.02,5479,362.0,low,0.0,0.015
06081601501,0.02,5194,1248.0,low,0.0,0.0095
06081601400,0.02,7129,1373.0,low,0.0,0.0147
06081601200,0.02,6746,1476.0,low,0.0,0.016
06081601100,0.02,5917,1791.0,low,0.0,0.0101
06081601000,0.02,6826,2031.0,low,0.0,0.0116
06081600900,0.02,4039,1431.0,low,0.0,0.0071
06081600800,0.02,7648,409.0,low,0.0,0.0269
06081600600,0.02,5464,373.0,low,0.0,0.0154
06081600402,0.02,4772,229.0,low,0.0,0.0094
06081600401,0.02,3263,279.0,low,0.0,0.0057
06081600300,0.02,4057,1106.0,low,0.0,0.0069
06081600200,0.02,4368,477.0,low,0.0,0.0095
06077004600,0.02,6099,3914.0,low,0.0,0.0045
06085509102,0.02,5094,743.0,low,0.0,0.0036
06085509108,0.02,4654,901.0,low,0.0,0.0002
06081601700,0.02,4313,1353.0,low,0.0,0.0077
06081601901,0.02,4117,994.0,low,0.0,0.0075
06081601902,0.02,5841,897.0,low,0.0,0.283
06081607000,0.02,3582,822.0,low,0.0,0.0068
06081606900,0.02,2446,869.0,low,0.0,0.0123
06081606800,0.02,3344,1056.0,low,0.0,0.0072
06081606700,0.02,2617,936.0,low,0.0,0.0102
06081606600,0.02,3740,1196.0,low,0.0,0.0234
06081606500,0.02,3713,1359.0,low,0.0,0.0103
06081606400,0.02,5261,743.0,low,0.0,0.0156
06081605700,0.02,5563,2210.0,low,0.0,0.011
06081603802,0.02,5267,1561.0,low,0.0,0.0095
06081603801,0.02,2291,50.0,low,0.0,0.0054
06081603700,0.02,5667,1839.0,low,0.0,0.0112
06081603400,0.02,5561,1692.0,low,0.0,0.0104
06081603300,0.02,6568,2324.0,low,0.0,0.0123
06081603200,0.02,3966,1488.0,low,0.0,0.0081
06081603100,0.02,3306,1254.0,low,0.0,0.0059
06081603000,0.02,4597,1471.0,low,0.0,0.0693
06081602900,0.02,3958,1122.0,low,0.0,0.0087
06081602800,0.02,4639,1262.0,low,0.0,0.0082
06081602700,0.02,6080,1531.0,low,0.0,0.0124
06081602500,0.02,5156,1342.0,low,0.0,0.0094
06081602400,0.02,6924,2043.0,low,0.0,0.0141
06081602100,0.02,3710,627.0,low,0.0,0.0093
06077004305,0.02,5898,1346.0,low,0.0,0.0001
06085509109,0.02,5663,909.0,low,0.0,0.0002
06081607200,0.02,4971,669.0,low,0.0,0.0157
06077003214,0.02,3221,1031.0,low,0.0,0.0001
06077003210,0.02,3025,900.0,low,0.0,0.0
06077003209,0.02,3964,1277.0,low,0.0,0.0003
06077003205,0.02,4016,1268.0,low,0.0,0.0001
06085510600,0.02,6286,1801.0,low,0.0,0.0609
06085510700,0.02,5487,1182.0,low,0.0,0.0159
06085510801,0.02,5999,1628.0,low,0.0,0.0119
06085510802,0.02,1971,656.0,low,0.0,0.0093
06085510803,0.02,2781,814.0,low,0.0,0.0053
06085510900,0.02,5404,1778.0,low,0.0,0.0105
06085511000,0.02,6939,1871.0,low,0.0,0.015
06085511100,0.02,5513,2147.0,low,0.0,0.0099
06085511200,0.02,4706,2016.0,low,0.0,0.0088
06085511301,0.02,3860,998.0,low,0.0,0.0114
06085511302,0.02,4118,823.0,low,0.0,0.023
06085511400,0.02,3649,1549.0,low,0.0,0.0072
06085511608,0.02,3705,238.0,low,0.0,0.0158
06085511609,0.02,3481,173.0,low,0.0,0.0168
06085511701,0.02,4285,2033.0,low,0.0,0.0001
06085511704,0.02,4702,2364.0,low,0.0,0.0003
06085511705,0.02,1716,688.0,low,0.0,0.0001
06085511707,0.02,2959,1451.0,low,0.0,0.0006
06077001000,0.02,5632,1980.0,low,0.0,0.0001
06077003213,0.02,5007,1175.0,low,0.0,0.0001
06077003215,0.02,4074,1001.0,low,0.0,0.0001
06077004204,0.02,2986,1082.0,low,0.0,0.0001
06077003216,0.02,3046,839.0,low,0.0,0.0
06077004203,0.02,4009,1060.0,low,0.0,0.0001
06077004202,0.02,1707,527.0,low,0.0,0.0
06077004106,0.02,1969,1324.0,low,0.0,0.0007
06077004105,0.02,4973,1454.0,low,0.0,0.0858
06077004104,0.02,4123,1186.0,low,0.0,0.0148
06077004001,0.02,2484,1417.0,low,0.0,0.0879
06077003900,0.02,1494,1537.0,low,0.0,0.001
06085509201,0.02,5324,1118.0,low,0.0,0.1273
06085509202,0.02,4655,1080.0,low,0.0,0.0004
06085509302,0.02,3122,984.0,low,0.0,0.0061
06085509303,0.02,3536,551.0,low,0.0,0.0001
06085509304,0.02,3316,755.0,low,0.0,0.0128
06085509401,0.02,3754,420.0,low,0.0,0.0111
06085509403,0.02,5095,214.0,low,0.0,0.0003
06085509404,0.02,6651,588.0,low,0.0,0.0002
06085509500,0.02,5553,1089.0,low,0.0,0.0001
06085509600,0.02,3614,778.0,low,0.0,0.0001
06085509700,0.02,3230,926.0,low,0.0,0.0001
06077003311,0.02,3812,918.0,low,0.0,0.0001
06085510300,0.02,4621,1483.0,low,0.0,0.0001
06085510400,0.02,3631,1216.0,low,0.0,0.0001
06085510500,0.02,5371,1835.0,low,0.0,0.0001
06081607100,0.02,2967,1189.0,low,0.0,0.0054
06081607300,0.02,3642,1389.0,low,0.0,0.007
06085503210,0.02,4114,740.0,low,0.0,0.0001
06085503207,0.02,4115,734.0,low,0.0,0.0001
06085504507,0.02,5973,1439.0,low,0.0,0.0001
06085504601,0.02,1031,858.0,low,0.0,0.0017
06085504602,0.02,2056,1391.0,low,0.0,0.001
06085504700,0.02,661,399.0,low,0.0,0.0029
06085504802,0.02,5393,1631.0,low,0.0,0.0093
06085503111,0.02,4739,897.0,low,0.0,0.0001
06085505006,0.02,11912,1198.0,low,0.0,0.0008
06085505007,0.02,3760,1169.0,low,0.0,0.0138
06085505100,0.02,4616,817.0,low,0.0,0.0002
06085505202,0.02,7715,1899.0,low,0.0,0.0005
06081614000,0.02,6172,1637.0,low,0.0,0.0111
06081613900,0.02,5963,2024.0,low,0.0,0.0135
06081613800,0.02,4299,2199.0,low,0.0,0.0006
06081613600,0.02,6053,2053.0,low,0.0,0.0976
06081613502,0.02,6047,2019.0,low,0.0,0.0123
06081613501,0.02,4148,1246.0,low,0.0,0.0381
06081613400,0.02,3134,2262.0,low,0.0,0.0002
06085503208,0.02,3737,695.0,low,0.0,0.0003
06085503211,0.02,4731,976.0,low,0.0,0.0001
06081613200,0.02,6846,3373.0,low,0.0,0.0003
06085503212,0.02,4117,866.0,low,0.0,0.0001
06085504307,0.02,5722,1304.0,low,0.0,0.0001
06085504311,0.02,8308,1556.0,low,0.0,0.0001
06085504314,0.02,4745,1373.0,low,0.0,0.0001
06085504316,0.02,4902,1149.0,low,0.0,0.0001
06085504317,0.02,4312,1211.0,low,0.0,0.0006
06085504318,0.02,7427,2005.0,low,0.0,0.0228
06085504320,0.02,2866,849.0,low,0.0,0.0002
06085504321,0.02,5419,1291.0,low,0.0,0.0003
06085503402,0.02,4843,669.0,low,0.0,0.0001
06085504322,0.02,5505,614.0,low,0.0,0.0021
06085503337,0.02,3851,618.0,low,0.0,0.0042
06085504323,0.02,5738,1151.0,low,0.0,0.0001
06085504410,0.02,4282,945.0,low,0.0,0.0001
06085504413,0.02,1906,362.0,low,0.0,0.0
06085504414,0.02,5059,1409.0,low,0.0,0.0001
06085504505,0.02,11204,1105.0,low,0.0,0.0013
06085504506,0.02,6951,1236.0,low,0.0,0.0104
06085503306,0.02,4069,965.0,low,0.0,0.0035
06085503305,0.02,6333,1158.0,low,0.0,0.0015
06085503304,0.02,6537,833.0,low,0.0,0.0033
06085503218,0.02,4359,538.0,low,0.0,0.0001
06085503217,0.02,4406,386.0,low,0.0,0.0181
06085503213,0.02,4769,618.0,low,0.0,0.0078
06081613300,0.02,2759,1522.0,low,0.0,0.0
06081613000,0.02,3279,1079.0,low,0.0,0.0001
06081607400,0.02,4919,1068.0,low,0.0,0.0133
06081610202,0.02,5118,403.0,low,0.0,0.0335
06081610100,0.02,2489,638.0,low,0.0,0.0074
06081610000,0.02,4782,1465.0,low,0.0,0.0114
06081609900,0.02,3068,1352.0,low,0.0,0.0065
06081609800,0.02,4733,1851.0,low,0.0,0.0233
06081609700,0.02,4462,1808.0,low,0.0,0.0087
06081609603,0.02,5510,1917.0,low,0.0,0.011
06081609602,0.02,1818,609.0,low,0.0,0.0034
06081609601,0.02,3243,967.0,low,0.0,0.0185
06081609500,0.02,5161,1808.0,low,0.0,0.016
06081609400,0.02,3458,1239.0,low,0.0,0.0068
06081609300,0.02,3499,1215.0,low,0.0,0.0075
06081609202,0.02,4357,815.0,low,0.0,0.0132
06081609201,0.02,3902,1175.0,low,0.0,0.0101
06081609100,0.02,1647,1033.0,low,0.0,0.0249
06081609000,0.02,2808,928.0,low,0.0,0.0072
06081608900,0.02,7261,1135.0,low,0.0,0.0158
06081608800,0.02,6179,2267.0,low,0.0,0.0116
06081608700,0.02,7670,2205.0,low,0.0,0.0158
06081608600,0.02,4729,1059.0,low,0.0,0.0125
06081608502,0.02,2750,496.0,low,0.0,0.0075
06081608501,0.02,5013,1519.0,low,0.0,0.0112
06081608300,0.02,3474,833.0,low,0.0,0.0075
06081608023,0.02,2531,882.0,low,0.0,0.0047
06081608013,0.02,4188,885.0,low,0.0,0.0088
06081608001,0.02,3534,494.0,low,0.0,0.0085
06081610201,0.02,5501,801.0,low,0.0,0.0161
06081610203,0.02,3244,370.0,low,0.0,0.0138
06081612900,0.02,4728,1536.0,low,0.0,0.0089
06081610302,0.02,4796,869.0,low,0.0001,0.6555
06081612800,0.02,3354,1344.0,low,0.0,0.0059
06081612700,0.02,2291,946.0,low,0.0,0.0101
06081612600,0.02,4653,1222.0,low,0.0,0.0166
06081612500,0.02,4728,1113.0,low,0.0,0.0251
06081611800,0.02,4481,1025.0,low,0.0,0.0109
06081611700,0.02,6437,1489.0,low,0.0,0.0172
06081611600,0.02,2466,861.0,low,0.0,0.0047
06081611500,0.02,2735,1572.0,low,0.0,0.005
06081611400,0.02,4453,2837.0,low,0.0,0.0001
06081611300,0.02,4891,1817.0,low,0.0,0.0108
06081611200,0.02,3013,1111.0,low,0.0,0.0063
06081611100,0.02,6423,2238.0,low,0.0,0.0128
06081611000,0.02,5978,1548.0,low,0.0,0.0124
06081610800,0.02,4664,499.0,low,0.0,0.0146
06081610700,0.02,5200,1118.0,low,0.0,0.0124
06081610602,0.02,3403,1249.0,low,0.0,0.0076
06081610601,0.02,5797,950.0,low,0.0,0.0171
06081610500,0.02,4737,1074.0,low,0.0,0.1105
06081610400,0.02,5580,1180.0,low,0.0,0.0187
06081610304,0.02,4503,1206.0,low,0.0,0.0119
06081610303,0.02,8278,1757.0,low,0.0,0.0431
06075990100,0.02,0,0.0,low,,
06075980900,0.02,1248,462.0,low,0.0,0.0173
06075980600,0.02,1340,181.0,low,0.0,0.0207
06075015900,0.02,4630,80.0,low,0.0,0.0227
06075015801,0.02,3869,164.0,low,0.0,0.0171
06075015600,0.02,3274,118.0,low,0.0,0.012
06075015500,0.02,3899,71.0,low,0.0,0.0167
06075015300,0.02,2387,120.0,low,0.0,0.0081
06075015100,0.02,3104,35.0,low,0.0,0.0163
06075013500,0.02,2912,125.0,low,0.0,0.0121
06075013300,0.02,4344,265.0,low,0.0,0.0136
06075013200,0.02,4464,356.0,low,0.0,0.0117
06075013102,0.02,2938,135.0,low,0.0,0.0121
06075013101,0.02,4197,60.0,low,0.0,0.0182
06075012902,0.02,3667,85.0,low,0.0,0.015
06075012901,0.02,2853,58.0,low,0.0,0.0131
06075012700,0.02,3769,137.0,low,0.0,0.0306
06075012602,0.02,3058,151.0,low,0.0,0.0108
06075012601,0.02,2577,33.0,low,0.0,0.0089
06075012502,0.02,4482,8.0,low,0.0,0.0238
06075015802,0.02,3116,76.0,low,0.0,0.0125
06075016000,0.02,2969,38.0,low,0.0,0.0161
06075012301,0.02,3088,12.0,low,0.0,0.0153
06075020500,0.02,2663,182.0,low,0.0,0.0096
06075020402,0.02,4547,226.0,low,0.0,0.015
06075020401,0.02,3235,250.0,low,0.0,0.0094
06075020300,0.02,3624,85.0,low,0.0,0.0148
06075018000,0.02,4758,121.0,low,0.0,0.0332
06075017801,0.02,3567,33.0,low,0.0,0.0159
06075017700,0.02,2841,120.0,low,0.0,0.0169
06075017102,0.02,3798,125.0,low,0.0,0.0147
06075017101,0.02,3766,198.0,low,0.0,0.0133
06075017000,0.02,4088,326.0,low,0.0,0.0135
06075016900,0.02,3425,117.0,low,0.0,0.0168
06075016802,0.02,3928,94.0,low,0.0,0.0165
06075016801,0.02,4282,107.0,low,0.0,0.0145
06075016700,0.02,4835,182.0,low,0.0,0.0179
06075016500,0.02,5171,98.0,low,0.0,0.0218
06075016400,0.02,3920,85.0,low,0.0,0.019
06075016300,0.02,4296,158.0,low,0.0,0.0151
06075016200,0.02,3672,51.0,low,0.0,0.0169
06075012302,0.02,2875,18.0,low,0.0,0.0168
06075012202,0.02,2490,20.0,low,0.0,0.0163
06075980501,0.02,125,16.0,low,0.0,0.0003
06067009633,0.02,3573,899.0,low,0.0,0.006
06067003204,0.02,5553,1555.0,low,0.0,0.0538
06067009622,0.02,7565,1813.0,low,0.0,0.014
06067009618,0.02,4834,1472.0,low,0.0,0.0097
06067009617,0.02,3613,1138.0,low,0.0,0.0065
06067009616,0.02,6117,1765.0,low,0.0,0.0105
06067009614,0.02,7234,1770.0,low,0.0,0.0121
06067009612,0.02,5321,1239.0,low,0.0,0.0097
06067009611,0.02,3553,856.0,low,0.0,0.0066
06067009610,0.02,6864,1756.0,low,0.0,0.0121
06067009609,0.02,5308,1353.0,low,0.0,0.0089
06067009608,0.02,10056,1863.0,low,0.0,0.0437
06067009601,0.02,6954,1857.0,low,0.0,0.0828
06067009501,0.02,2784,1082.0,low,0.0,0.0011
06067009408,0.02,1767,818.0,low,0.0,0.0
06067009404,0.02,6603,4793.0,low,0.0,0.0038
06067009403,0.02,2077,1623.0,low,0.0,0.0009
06067009332,0.02,1609,755.0,low,0.0,0.0003
06067009331,0.02,7663,1536.0,low,0.0,0.0001
06067009330,0.02,4541,1400.0,low,0.0,0.0002
06067009329,0.02,2471,516.0,low,0.0,0.0
06067009328,0.02,6022,1260.0,low,0.0,0.0001
06067009326,0.02,5117,1855.0,low,0.0,0.0001
06067009632,0.02,7195,1474.0,low,0.0,0.011
06067009634,0.02,5150,1090.0,low,0.0,0.0105
06067009635,0.02,6077,1120.0,low,0.0,0.0106
06075012100,0.02,3455,24.0,low,0.0,0.0207
06075011902,0.02,2738,29.0,low,0.0,0.0141
06075011901,0.02,2275,15.0,low,0.0,0.0132
06075011800,0.02,1589,9.0,low,0.0,0.0092
06075011700,0.02,1905,82.0,low,0.0,0.0271
06075011300,0.02,3068,35.0,low,0.0,0.0461
06075011200,0.02,3441,71.0,low,0.0,0.0155
06075010800,0.02,4573,103.0,low,0.0,0.017
06075010600,0.02,3718,37.0,low,0.0,0.0193
06075010500,0.02,3234,114.0,low,0.0,0.0203
06075010300,0.02,4062,128.0,low,0.0,0.016
06001400200,0.02,2001,696.0,low,0.0,0.0048
06067009900,0.02,3730,2317.0,low,0.0,0.0019
06067009639,0.02,3897,617.0,low,0.0,0.0069
06067009637,0.02,6374,1236.0,low,0.0,0.0098
06075020900,0.02,4296,187.0,low,0.0,0.0147
06075035300,0.02,7360,229.0,low,0.0,0.0147
06075035201,0.02,5288,221.0,low,0.0,0.0108
06075033204,0.02,3839,103.0,low,0.0,0.0119
06075033203,0.02,4003,107.0,low,0.0,0.0119
06075033201,0.02,1729,136.0,low,0.0,0.0065
06075033100,0.02,4025,1178.0,low,0.0,0.0075
06075032902,0.02,3850,123.0,low,0.0,0.007
06075032901,0.02,5015,197.0,low,0.0,0.0098
06075032802,0.02,4097,127.0,low,0.0,0.0085
06075032801,0.02,4234,164.0,low,0.0,0.0102
06075032700,0.02,6472,359.0,low,0.0,0.0227
06075032602,0.02,4289,163.0,low,0.0,0.0207
06075032601,0.02,4412,119.0,low,0.0,0.0141
06075031302,0.02,5673,261.0,low,0.0,0.0118
06075031301,0.02,3786,243.0,low,0.0,0.007
06075031202,0.02,3051,207.0,low,0.0,0.0055
06075031201,0.02,6064,334.0,low,0.0,0.0133
06075031100,0.02,6305,506.0,low,0.0,0.0142
06075031000,0.02,4192,1098.0,low,0.0,0.0083
06075030900,0.02,6707,2482.0,low,0.0,0.0216
06075030800,0.02,5898,1347.0,low,0.0,0.0136
06075030700,0.02,6859,1100.0,low,0.0,0.0129
06075030600,0.02,2343,768.0,low,0.0,0.0067
06075035202,0.02,4353,204.0,low,0.0,0.0133
06075035400,0.02,6696,247.0,low,0.0,0.0154
06075021000,0.02,4213,274.0,low,0.0,0.0151
06075040100,0.02,4417,142.0,low,0.0,0.0189
06075980300,0.02,284,81.0,low,0.0,0.0009
06075980200,0.02,79,37.0,low,0.0,0.0
06075061200,0.02,4166,261.0,low,0.0,0.0107
06075061000,0.02,5044,400.0,low,0.0,0.0112
06075060502,0.02,3214,133.0,low,0.0,0.0073
06075060400,0.02,2325,191.0,low,0.0,0.0082
06075060100,0.02,3690,682.0,low,0.0,0.0316
06075047902,0.02,3691,237.0,low,0.0,0.0088
06075047802,0.02,3786,159.0,low,0.0,0.011
06075047801,0.02,4140,156.0,low,0.0,0.0125
06075047702,0.02,3823,103.0,low,0.0,0.011
06075047701,0.02,4435,97.0,low,0.0,0.0142
06075047600,0.02,5302,114.0,low,0.0,0.0194
06075045100,0.02,5048,123.0,low,0.0,0.0187
06075042800,0.02,2433,532.0,low,0.0,0.0055
06075042700,0.02,5496,102.0,low,0.0,0.0215
06075042602,0.02,3469,98.0,low,0.0,0.0129
06075042601,0.02,3917,68.0,low,0.0,0.0407
06075040200,0.02,5539,111.0,low,0.0,0.0213
06075030500,0.02,3220,951.0,low,0.0,0.0057
06075030400,0.02,5269,1172.0,low,0.0,0.0112
06075030302,0.02,3670,529.0,low,0.0,0.0073
06075030301,0.02,6076,392.0,low,0.0,0.016
06075025100,0.02,3364,325.0,low,0.0,0.0001
06075023400,0.02,4110,312.0,low,0.0,0.0109
06075023300,0.02,4369,205.0,low,0.0,0.0095
06075023200,0.02,4987,391.0,low,0.0,0.013
06075023103,0.02,4901,305.0,low,0.0,0.033
06075023102,0.02,3377,296.0,low,0.0,0.0177
06075023003,0.02,4143,242.0,low,0.0,0.009
06075023001,0.02,5412,259.0,low,0.0,0.0257
06075022903,0.02,3007,130.0,low,0.0,0.0074
06075022902,0.02,2283,109.0,low,0.0,0.007
06075022901,0.02,4275,204.0,low,0.0,0.0112
06075022803,0.02,4380,147.0,low,0.0,0.0123
06075022802,0.02,1975,81.0,low,0.0,0.0064
06075022801,0.02,4956,152.0,low,0.0,0.0185
06075022704,0.02,3734,215.0,low,0.0,0.0001
06075022702,0.02,2194,127.0,low,0.0,0.0079
06075022600,0.02,5001,234.0,low,0.0,0.0003
06075021800,0.02,4091,372.0,low,0.0,0.0103
06075021700,0.02,4222,588.0,low,0.0,0.0095
06075021600,0.02,4403,263.0,low,0.0,0.0107
06075021500,0.02,5237,282.0,low,0.0,0.0175
06075021400,0.02,3404,221.0,low,0.0,0.0119
06075021300,0.02,2652,171.0,low,0.0,0.0065
06075021200,0.02,3015,172.0,low,0.0,0.0103
06075021100,0.02,4111,310.0,low,0.0,0.0119
06075025200,0.02,5164,385.0,low,0.0,0.0001
06075025300,0.02,4412,249.0,low,0.0,0.0366
06075025401,0.02,3331,221.0,low,0.0,0.0085
06075030202,0.02,4507,84.0,low,0.0,0.0182
06075030201,0.02,3988,116.0,low,0.0,0.0129
06075030102,0.02,5500,739.0,low,0.0,0.0127
06075030101,0.02,4592,106.0,low,0.0,0.0164
06075026404,0.02,3100,79.0,low,0.0,0.0057
06075026403,0.02,4050,313.0,low,0.0,0.0095
06075026402,0.02,4174,318.0,low,0.0,0.0075
06075026401,0.02,3954,259.0,low,0.0,0.0079
06075026303,0.02,4632,398.0,low,0.0,0.0089
06075026302,0.02,4760,551.0,low,0.0,0.0095
06075026301,0.02,4761,217.0,low,0.0,0.01
06075026100,0.02,6890,294.0,low,0.0,0.0195
06075025402,0.02,2869,181.0,low,0.0,0.0062
06075026004,0.02,4162,163.0,low,0.0,0.0089
06075026003,0.02,4890,214.0,low,0.0,0.0098
06075026002,0.02,3282,174.0,low,0.0,0.0094
06075026001,0.02,5553,216.0,low,0.0,0.013
06075025900,0.02,4537,287.0,low,0.0,0.0077
06075025800,0.02,2030,145.0,low,0.0,0.004
06075025702,0.02,4551,305.0,low,0.0,0.011
06075025701,0.02,4716,405.0,low,0.0,0.009
06075025600,0.02,5482,288.0,low,0.0,0.0102
06075025403,0.02,4430,388.0,low,0.0,0.0102
06067003300,0.02,4256,2013.0,low,0.0,0.0111
06001400100,0.02,3038,1298.0,low,0.0,0.0058
06067003203,0.02,3149,743.0,low,0.0,0.0057
06113010800,0.02,3824,1351.0,low,0.0,0.0188
06001436601,0.02,6761,1361.0,low,0.0,0.0001
06001436200,0.02,4176,667.0,low,0.0,0.0009
06001436100,0.02,5745,1480.0,low,0.0,0.0011
06001436000,0.02,5049,1588.0,low,0.0,0.0001
06001435900,0.02,5431,1772.0,low,0.0,0.0001
06001435800,0.02,5735,1706.0,low,0.0,0.0153
06001435700,0.02,4904,1278.0,low,0.0,0.0087
06001435602,0.02,5709,1473.0,low,0.0,0.0003
06001435601,0.02,5454,1200.0,low,0.0,0.0001
06001435500,0.02,4104,1124.0,low,0.0,0.0003
06001435400,0.02,4940,995.0,low,0.0,0.0002
06001435300,0.02,5077,1247.0,low,0.0,0.0001
06001435200,0.02,4504,1504.0,low,0.0,0.0002
06001434000,0.02,5564,1202.0,low,0.0,0.0026
06001436602,0.02,5402,668.0,low,0.0,0.0001
06001436700,0.02,3689,806.0,low,0.0,0.015
06001436800,0.02,4341,748.0,low,0.0,0.0086
06113011204,0.02,5707,1587.0,low,0.0,0.0165
06113010902,0.02,6385,1471.0,low,0.0,0.0165
06113011001,0.02,6744,1434.0,low,0.0,0.0189
06113011002,0.02,3244,1183.0,low,0.0,0.0058
06113011101,0.02,2922,1063.0,low,0.0,0.0143
06113011102,0.02,5123,1020.0,low,0.0,0.2106
06113011103,0.02,3271,845.0,low,0.0,0.0595
06113011203,0.02,2657,931.0,low,0.0,0.0047
06001436900,0.02,7099,1344.0,low,0.0,0.0001
06113011400,0.02,4052,2882.0,low,0.0,0.1253
06001437400,0.02,3508,991.0,low,0.0,0.0002
06001437300,0.02,3359,746.0,low,0.0,0.0001
06001437200,0.02,8696,2241.0,low,0.0,0.009
06001437101,0.02,7532,2942.0,low,0.0,0.002
06001437000,0.02,3726,974.0,low,0.0,0.0001
06001433900,0.02,6833,816.0,low,0.0,0.0028
06001433700,0.02,3515,886.0,low,0.0,0.0001
06001430101,0.02,6747,2169.0,low,0.0,0.0006
06001430800,0.02,6165,1985.0,low,0.0,0.0018
06001430700,0.02,4209,1550.0,low,0.0,0.0005
06001430600,0.02,6385,2169.0,low,0.0,0.0001
06001430500,0.02,6289,1685.0,low,0.0,0.0001
06001430300,0.02,3940,1520.0,low,0.0,0.0001
06001430200,0.02,7477,2753.0,low,0.0,0.0001
06001430102,0.02,2553,1222.0,low,0.0,0.0008
06001428700,0.02,4751,1278.0,low,0.0,0.0245
06001431000,0.02,3091,818.0,low,0.0,0.0025
06001428600,0.02,3398,618.0,low,0.0,0.0072
06001428500,0.02,3339,547.0,low,0.0,0.0081
06001428400,0.02,4645,787.0,low,0.0,0.0142
06001428302,0.02,7120,2429.0,low,0.0,0.012
06001428301,0.02,7044,1681.0,low,0.0,0.0139
06001428200,0.02,6644,1950.0,low,0.0,0.0138
06001428100,0.02,4880,1502.0,low,0.0,0.013
06001430900,0.02,5137,971.0,low,0.0,0.0292
06001431100,0.02,3537,769.0,low,0.0,0.0001
06001433600,0.02,6307,1604.0,low,0.0,0.0728
06001433000,0.02,4178,1526.0,low,0.0,0.0002
06001433500,0.02,4557,1440.0,low,0.0,0.0387
06001433400,0.02,6644,2029.0,low,0.0,0.2518
06001433300,0.02,7448,2296.0,low,0.0,0.0237
06001433200,0.02,7652,1758.0,low,0.0,0.0006
06001433104,0.02,4125,713.0,low,0.0,0.0029
06001433103,0.02,3682,647.0,low,0.0,0.0003
06001433102,0.02,4124,1260.0,low,0.0,0.0007
06001432700,0.02,2660,1048.0,low,0.0,0.0003
06001431200,0.02,6091,1552.0,low,0.0,0.0001
06001432502,0.02,4641,1213.0,low,0.0,0.0083
06001432501,0.02,5161,1379.0,low,0.0,0.0118
06001432400,0.02,6279,2259.0,low,0.0,0.0188
06001432300,0.02,4885,1599.0,low,0.0,0.0096
06001432200,0.02,4231,1314.0,low,0.0,0.0097
06001432100,0.02,4121,1552.0,low,0.0,0.0004
06113010901,0.02,5595,1407.0,low,0.0,0.0185
06113010704,0.02,2275,635.0,low,0.0,0.0048
06013302009,0.02,7817,1824.0,low,0.0,0.0001
06113010703,0.02,5438,809.0,low,0.0,0.022
06001450701,0.02,8271,3253.0,low,0.0,0.0005
06001450607,0.02,6054,1268.0,low,0.0,0.0296
06001450606,0.02,6026,1710.0,low,0.0,0.0103
06001450605,0.02,3937,1086.0,low,0.0,0.014
06001450604,0.02,4898,1379.0,low,0.0,0.0093
06001450603,0.02,4905,1595.0,low,0.0,0.0108
06001450601,0.02,3480,1523.0,low,0.0,0.0002
06001450502,0.02,5754,1634.0,low,0.0,0.0001
06001450501,0.02,3278,855.0,low,0.0,0.0001
06001450400,0.02,7675,1765.0,low,0.0,0.0183
06001450300,0.02,5548,1432.0,low,0.0,0.0139
06001450200,0.02,6456,778.0,low,0.0,0.0169
06001450102,0.02,8660,1259.0,low,0.0,0.0759
06001450101,0.02,6825,418.0,low,0.0,0.0359
06001444602,0.02,4777,975.0,low,0.0,0.0001
06067003202,0.02,5354,1574.0,low,0.0,0.1623
06001450741,0.02,5482,1327.0,low,0.0,0.0001
06001450743,0.02,8901,718.0,low,0.0,0.0348
06001450744,0.02,5987,1520.0,low,0.0,0.0113
06001983200,0.02,834,75.0,low,0.0,0.0036
06013302007,0.02,7412,1960.0,low,0.0,0.0005
06013302006,0.02,4032,1271.0,low,0.0,0.0001
06013302005,0.02,7134,1944.0,low,0.0,0.003
06013301000,0.02,5514,2349.0,low,0.0001,0.3138
06011000100,0.02,5389,3025.0,low,0.0,0.0028
06001990000,0.02,0,0.0,low,,
06001982000,0.02,206,80.0,low,0.0,0.0011
06001450745,0.02,6374,1449.0,low,0.0,0.0001
06001981900,0.02,49,109.0,low,0.0,0.0003
06001451300,0.02,6435,2373.0,low,0.0,0.0035
06001451202,0.02,5781,1562.0,low,0.0,0.0003
06001450752,0.02,9846,1189.0,low,0.0,0.0005
06001450751,0.02,12411,1788.0,low,0.0,0.0013
06001450750,0.02,6790,272.0,low,0.0,0.0001
06001450746,0.02,3238,894.0,low,0.0,0.0001
06101050900,0.02,1388,1264.0,low,0.0,0.001
06101051000,0.02,2237,1786.0,low,0.0,0.0005
06101051100,0.02,2456,1997.0,low,0.0,0.0019
06113010513,0.02,2964,474.0,low,0.0,0.0067
06113010508,0.02,2569,683.0,low,0.0,0.005
06113010509,0.02,3578,731.0,low,0.0,0.0142
06113010510,0.02,4908,1111.0,low,0.0,0.0099
06001441503,0.02,7763,2284.0,low,0.0,0.0004
06001441501,0.02,5913,1695.0,low,0.0,0.0001
06113010511,0.02,3333,679.0,low,0.0,0.0071
06113010512,0.02,3322,781.0,low,0.0,0.0072
06113010602,0.02,5597,1012.0,low,0.0,0.1094
06113010501,0.02,8696,861.0,low,0.0,0.0328
06113010605,0.02,3627,1009.0,low,0.0,0.0064
06001441100,0.02,4504,1530.0,low,0.0,0.002
06113010607,0.02,4395,1424.0,low,0.0,0.0081
06113010608,0.02,5675,1144.0,low,0.0,0.1173
06113010701,0.02,4779,1147.0,low,0.0,0.015
06001440332,0.02,3034,918.0,low,0.0,0.0
06113010505,0.02,5968,1969.0,low,0.0,0.0507
06113010402,0.02,4379,1583.0,low,0.0,0.0071
06001443104,0.02,5901,1458.0,low,0.0,0.0001
06001442100,0.02,5265,1457.0,low,0.0,0.0001
06001443002,0.02,6650,1771.0,low,0.0,0.0052
06001443001,0.02,2888,848.0,low,0.0,0.0
06113010102,0.02,1401,742.0,low,0.0,0.035
06001442302,0.02,6417,724.0,low,0.0,0.0001
06113010201,0.02,3985,1483.0,low,0.0,0.1554
06001442200,0.02,7454,2333.0,low,0.0,0.0003
06001442000,0.02,3236,1145.0,low,0.0,0.0
06113010401,0.02,4678,1893.0,low,0.0,0.0737
06113010203,0.02,5722,1851.0,low,0.0001,0.4163
06113010204,0.02,5186,1748.0,low,0.0,0.0678
06001441924,0.02,7619,1546.0,low,0.0,0.0001
06113010310,0.02,5956,1780.0,low,0.0,0.01
06113010312,0.02,5320,1799.0,low,0.0,0.0102
06001428000,0.02,2997,485.0,low,0.0,0.0114
06001427900,0.02,4744,1147.0,low,0.0,0.0138
06001427800,0.02,4827,1338.0,low,0.0,0.0134
06001427700,0.02,5016,1195.0,low,0.0,0.0117
06001405800,0.02,4320,908.0,low,0.0,0.0103
06001405700,0.02,3423,713.0,low,0.0,0.01
06001405600,0.02,3224,650.0,low,0.0,0.0079
06001405500,0.02,3844,666.0,low,0.0,0.0223
06001405402,0.02,3171,384.0,low,0.0,0.0084
06001405401,0.02,3875,459.0,low,0.0,0.0121
06001405302,0.02,2797,219.0,low,0.0,0.0124
06001405301,0.02,2991,268.0,low,0.0,0.0142
06001405200,0.02,4839,1028.0,low,0.0,0.0136
06001405100,0.02,4363,1642.0,low,0.0,0.0087
06001405000,0.02,3313,1078.0,low,0.0,0.0073
06001404900,0.02,4458,1485.0,low,0.0,0.0108
06001404800,0.02,2757,816.0,low,0.0,0.0064
06001404700,0.02,1982,845.0,low,0.0,0.0035
06001404600,0.02,4551,1863.0,low,0.0,0.0134
06001404502,0.02,6194,2360.0,low,0.0,0.013
06001404501,0.02,1771,664.0,low,0.0,0.0032
06001405901,0.02,4279,675.0,low,0.0,0.0129
06001405902,0.02,3181,616.0,low,0.0,0.0153
06001406000,0.02,5223,636.0,low,0.0,0.0439
06001406800,0.02,3569,1270.0,low,0.0,0.0001
06001407400,0.02,4412,783.0,low,0.0,0.0196
06001407300,0.02,3943,835.0,low,0.0,0.0152
06001407200,0.02,6823,1048.0,low,0.0,0.02
06001407102,0.02,4382,1157.0,low,0.0,0.0164
06001407101,0.02,3558,642.0,low,0.0,0.0362
06001407000,0.02,6079,1474.0,low,0.0,0.0171
06001406900,0.02,3839,1182.0,low,0.0,0.0002
06001406700,0.02,5567,2068.0,low,0.0,0.0001
06001406100,0.02,5887,871.0,low,0.0,0.0729
06001406602,0.02,2554,515.0,low,0.0,0.0064
06001406601,0.02,4834,1174.0,low,0.0,0.0183
06001406500,0.02,6196,1238.0,low,0.0,0.0148
06001406400,0.02,2211,560.0,low,0.0,0.0056
06001406300,0.02,3989,828.0,low,0.0,0.0091
06001406202,0.02,4769,504.0,low,0.0,0.0154
06001406201,0.02,5019,669.0,low,0.0,0.0151
06001404400,0.02,5621,1940.0,low,0.0,0.0105
06001404300,0.02,3416,1272.0,low,0.0,0.0071
06001404200,0.02,3641,1302.0,low,0.0,0.0067
06001401100,0.02,4966,938.0,low,0.0,0.0184
06001401800,0.02,1981,413.0,low,0.0,0.0067
06001401700,0.02,6121,841.0,low,0.0,0.0222
06001401600,0.02,2971,475.0,low,0.0,0.0127
06001401500,0.02,2661,594.0,low,0.0,0.0079
06001401400,0.02,5355,922.0,low,0.0,0.0188
06001401300,0.02,5887,366.0,low,0.0,0.0733
06001401200,0.02,2989,797.0,low,0.0,0.0083
06001401000,0.02,6097,1649.0,low,0.0,0.0277
06001402400,0.02,2459,418.0,low,0.0,0.0197
06001400900,0.02,2514,733.0,low,0.0,0.0075
06001400800,0.02,3917,989.0,low,0.0,0.0119
06001400700,0.02,4508,1327.0,low,0.0,0.0127
06001400600,0.02,1788,518.0,low,0.0,0.0047
06001400500,0.02,3644,1018.0,low,0.0,0.0098
06001400400,0.02,4112,1228.0,low,0.0,0.01
06001400300,0.02,5504,1629.0,low,0.0,0.0142
06001402200,0.02,3250,544.0,low,0.0,0.011
06001402500,0.02,2010,230.0,low,0.0,0.0241
06001404102,0.02,2516,270.0,low,0.0,0.0088
06001403502,0.02,2148,224.0,low,0.0,0.0082
06001404101,0.02,3139,765.0,low,0.0,0.0098
06001404000,0.02,3049,423.0,low,0.0,0.0203
06001403900,0.02,3943,565.0,low,0.0,0.0377
06001403800,0.02,3710,869.0,low,0.0,0.0129
06001403702,0.02,2149,149.0,low,0.0,0.0149
06001403701,0.02,2786,140.0,low,0.0,0.0151
06001403600,0.02,4717,348.0,low,0.0,0.0169
06001403501,0.02,5880,446.0,low,0.0,0.0261
06001402600,0.02,1226,114.0,low,0.0,0.0056
06001403100,0.02,1690,60.0,low,0.0,0.0107
06001403000,0.02,3007,60.0,low,0.0,0.0167
06001402900,0.02,1917,56.0,low,0.0,0.0122
06001402700,0.02,1827,346.0,low,0.0,0.0067
06001407500,0.02,4383,768.0,low,0.0,0.0504
06001407600,0.02,6390,1655.0,low,0.0,0.0146
06001407700,0.02,4465,1760.0,low,0.0,0.0135
06001423300,0.02,3738,1271.0,low,0.0,0.0097
06001423200,0.02,2886,690.0,low,0.0,0.0085
06001423100,0.02,4335,1233.0,low,0.0,0.0104
06001423000,0.02,4676,1211.0,low,0.0,0.0137
06001422800,0.02,11245,256.0,low,0.0,0.1565
06001422700,0.02,4868,306.0,low,0.0,0.0154
06001422500,0.02,5065,489.0,low,0.0,0.0166
06001423500,0.02,3474,733.0,low,0.0,0.0114
06001422400,0.02,4134,523.0,low,0.0,0.0162
06001422300,0.02,3811,904.0,low,0.0,0.0105
06001422200,0.02,3322,1034.0,low,0.0,0.0085
06001422100,0.02,2843,853.0,low,0.0,0.013
06001422000,0.02,4160,949.0,low,0.0,0.0263
06001421900,0.02,3901,1461.0,low,0.0,0.0091
06001421800,0.02,2110,792.0,low,0.0,0.0046
06001423400,0.02,5057,1279.0,low,0.0,0.0287
06001423601,0.02,2824,739.0,low,0.0,0.0082
06001421600,0.02,3836,1469.0,low,0.0,0.0082
06001425103,0.02,2926,379.0,low,0.0,0.0125
06001427600,0.02,4730,482.0,low,0.0,0.0123
06001427300,0.02,5719,1409.0,low,0.0,0.0173
06001427200,0.02,4363,1230.0,low,0.0,0.0139
06001427100,0.02,4063,1457.0,low,0.0,0.0099
06001426200,0.02,4915,1734.0,low,0.0,0.0093
06001426100,0.02,6364,2326.0,low,0.0,0.0118
06001425104,0.02,4374,529.0,low,0.0,0.018
06001425102,0.02,3752,51.0,low,0.0,0.0193
06001423602,0.02,5615,585.0,low,0.0,0.0188
06001425101,0.02,1853,22.0,low,0.0,0.0075
06001424002,0.02,2488,635.0,low,0.0,0.0062
06001424001,0.02,4146,773.0,low,0.0,0.0132
06001423902,0.02,1464,406.0,low,0.0,0.0249
06001423901,0.02,2031,542.0,low,0.0,0.0286
06001423800,0.02,3216,1188.0,low,0.0,0.0073
06001423700,0.02,4234,709.0,low,0.0,0.0339
06001421700,0.02,3386,781.0,low,0.0,0.0173
06001421500,0.02,3745,1566.0,low,0.0,0.0072
06001407800,0.02,2373,745.0,low,0.0,0.0
06001408700,0.02,7774,1958.0,low,0.0,0.0169
06001409400,0.02,5379,1227.0,low,0.0,0.0333
06001409300,0.02,5701,1386.0,low,0.0,0.0275
06001409200,0.02,3755,821.0,low,0.0,0.0067
06001409100,0.02,2472,674.0,low,0.0,0.0045
06001409000,0.02,4879,1611.0,low,0.0,0.0427
06001408900,0.02,3857,755.0,low,0.0,0.0106
06001408800,0.02,7257,1102.0,low,0.0,0.0158
06001408600,0.02,6167,1592.0,low,0.0,0.0131
06001409600,0.02,5777,1294.0,low,0.0,0.014
06001408500,0.02,5752,1392.0,low,0.0,0.0118
06001408400,0.02,3927,1029.0,low,0.0,0.0078
06001408300,0.02,4791,1755.0,low,0.0,0.0101
06001408200,0.02,4471,1269.0,low,0.0,0.01
06001408100,0.02,6712,2298.0,low,0.0,0.0001
06001408000,0.02,2630,981.0,low,0.0,0.0117
06001407900,0.02,3081,1119.0,low,0.0,0.0001
06001409500,0.02,4390,833.0,low,0.0,0.0107
06001409700,0.02,5523,1205.0,low,0.0,0.0286
06001421400,0.02,1679,638.0,low,0.0,0.0031
06001420200,0.02,3234,763.0,low,0.0,0.008
06001421300,0.02,3945,1625.0,low,0.0,0.0164
06001421200,0.02,3657,1504.0,low,0.0,0.0072
06001421100,0.02,2031,855.0,low,0.0,0.0036
06001420600,0.02,3399,1332.0,low,0.0,0.0196
06001420500,0.02,2431,783.0,low,0.0,0.0061
06001420100,0.02,2436,894.0,low,0.0,0.0049
06001409800,0.02,3220,1067.0,low,0.0,0.0064
06001410500,0.02,2553,308.0,low,0.0,0.0087
06001410400,0.02,4142,1136.0,low,0.0,0.021
06001410300,0.02,4036,835.0,low,0.0,0.0092
06001410200,0.02,3679,894.0,low,0.0,0.0143
06001410100,0.02,2925,891.0,low,0.0,0.0115
06001410000,0.02,3031,1333.0,low,0.0,0.0
06001409900,0.02,3546,1319.0,low,0.0,0.0073
06013371000,0.02,5995,2005.0,low,0.0,0.0135
06013343001,0.02,5059,1251.0,low,0.0,0.0116
06013343002,0.02,4640,1160.0,low,0.0,0.0101
06013343003,0.02,4045,1390.0,low,0.0,0.0081
06013345101,0.02,6264,1558.0,low,0.0,0.0128
06013345102,0.02,4226,1331.0,low,0.0,0.0082
06061022500,0.02,4689,1775.0,low,0.0,0.0033
06013345103,0.02,5270,1594.0,low,0.0,0.0103
06013345105,0.02,6484,1771.0,low,0.0,0.0128
06033001000,0.02,6102,3713.0,low,0.0,0.0081
06013372000,0.02,8009,2485.0,low,0.0,0.0152
06041109001,0.02,4467,925.0,low,0.0,0.0102
06013370000,0.02,2953,1154.0,low,0.0,0.0182
06041126200,0.02,4495,1325.0,low,0.0,0.012
06095253402,0.02,8381,2335.0,low,0.0,0.046
06095253403,0.02,5369,1746.0,low,0.0,0.0255
06095253404,0.02,5815,1606.0,low,0.0,0.0127
06045011800,0.02,2053,1805.0,low,0.0,0.0011
06097152905,0.02,4058,1156.0,low,0.0,0.1585
06041132100,0.02,2111,1805.0,low,0.0,0.0066
06041131100,0.02,1065,701.0,low,0.0,0.0026
06041130201,0.02,3444,1343.0,low,0.0,0.0092
06041129000,0.02,2641,264.0,low,0.0,0.007
06041128200,0.02,4876,1989.0,low,0.0,0.0096
06041128100,0.02,6970,2522.0,low,0.0,0.0141
06013341000,0.02,5374,1593.0,low,0.0,0.013
06013339001,0.02,3663,238.0,low,0.0,0.0247
06013338302,0.02,5981,2088.0,low,0.0,0.0129
06013338301,0.02,3063,1081.0,low,0.0,0.0061
06097154202,0.02,6306,2479.0,low,0.0,0.001
06097154201,0.02,4088,1553.0,low,0.0,0.0022
06097153705,0.02,3382,1797.0,low,0.0,0.0353
06013313203,0.02,3354,1014.0,low,0.0,0.0059
06013313204,0.02,5704,1475.0,low,0.0,0.0121
06013313205,0.02,1822,538.0,low,0.0,0.003
06013313206,0.02,6342,1377.0,low,0.0,0.0114
06013332000,0.02,7719,2310.0,low,0.0,0.0452
06033000702,0.02,4757,2014.0,low,0.0,0.0116
06033000801,0.02,2956,1154.0,low,0.0001,0.1681
06033000802,0.02,4671,1779.0,low,0.0,0.005
06013374000,0.02,4994,1519.0,low,0.0,0.0221
06013373000,0.02,4711,1134.0,low,0.0,0.093
06013333101,0.02,4212,1329.0,low,0.0,0.0085
06013333102,0.02,4090,1249.0,low,0.0,0.0092
06013333200,0.02,5961,1807.0,low,0.0,0.0113
06013334001,0.02,3991,1101.0,low,0.0,0.009
06013334006,0.02,4880,1416.0,low,0.0,0.0195
06013337100,0.02,3238,1057.0,low,0.0,0.0067
06013337300,0.02,6147,1982.0,low,0.0,0.0115
06041127000,0.02,4560,1809.0,low,0.0,0.0107
06041126100,0.02,5955,2360.0,low,0.0,0.0184
06097154304,0.02,2181,1764.0,low,0.0,0.0006
06013355109,0.02,7167,1749.0,low,0.0,0.0137
06041116000,0.02,3150,931.0,low,0.0,0.0171
06041115000,0.02,7489,2752.0,low,0.0,0.0219
06041114200,0.02,3164,924.0,low,0.0,0.0066
06041114100,0.02,5245,1563.0,low,0.0,0.0186
06041113000,0.02,3910,1383.0,low,0.0,0.0119
06041112100,0.02,4611,1314.0,low,0.0,0.0205
06013354001,0.02,1958,850.0,low,0.0,0.0034
06013354002,0.02,7200,2965.0,low,0.0,0.0148
06013355107,0.02,5793,1822.0,low,0.0,0.1052
06041110200,0.02,5389,2181.0,low,0.0,0.0108
06013355110,0.02,4434,1073.0,low,0.0,0.008
06013345111,0.02,5990,1024.0,low,0.0,0.0142
06013355111,0.02,6685,1550.0,low,0.0,0.0117
06013355112,0.02,5636,2972.0,low,0.0,0.0002
06013355113,0.02,5000,1587.0,low,0.0,0.0096
06041110100,0.02,6176,1904.0,low,0.0,0.0146
06041109002,0.02,4178,1303.0,low,0.0,0.0098
06013355115,0.02,10242,838.0,low,0.0,0.0167
06013355302,0.02,3464,1269.0,low,0.0,0.0062
06013355306,0.02,5000,1987.0,low,0.0,0.0092
06041117000,0.02,4713,1494.0,low,0.0,0.0125
06041118100,0.02,2338,932.0,low,0.0,0.0042
06041119100,0.02,4796,1729.0,low,0.0,0.022
06041122000,0.02,3669,197.0,low,0.0,0.0093
06013345112,0.02,8830,1399.0,low,0.0,0.0168
06041125000,0.02,4211,1189.0,low,0.0,0.0106
06041124200,0.02,5873,2232.0,low,0.0,0.0194
06041124100,0.02,5590,1935.0,low,0.0,0.0123
06013345113,0.02,4627,1260.0,low,0.0,0.0084
06013345114,0.02,6591,2004.0,low,0.0,0.0125
06013345115,0.02,6309,1738.0,low,0.0,0.0122
06013345116,0.02,2982,730.0,low,0.0,0.0053
06013345203,0.02,6966,2328.0,low,0.0,0.0173
06013346101,0.02,3555,1215.0,low,0.0,0.0237
06013346203,0.02,3966,1407.0,low,0.0,0.0079
06013346204,0.02,7334,2404.0,low,0.0,0.0129
06013348000,0.02,4835,2065.0,low,0.0,0.0098
06013349000,0.02,5151,1562.0,low,0.0,0.014
06013350000,0.02,6224,1821.0,low,0.0,0.0179
06013351101,0.02,2898,604.0,low,0.0,0.0094
06013351103,0.02,2113,369.0,low,0.0,0.006
06013351200,0.02,5953,2188.0,low,0.0,0.0159
06013352101,0.02,3344,900.0,low,0.0,0.0065
06013352102,0.02,5724,1885.0,low,0.0,0.0113
06013352201,0.02,6266,1919.0,low,0.0,0.0126
06013352202,0.02,2559,902.0,low,0.0,0.0082
06013353001,0.02,4256,1517.0,low,0.0,0.0076
06013353002,0.02,4310,1691.0,low,0.0,0.0084
06041123000,0.02,2131,1054.0,low,0.0,0.0041
06097990100,0.02,0,0.0,low,,
06013368001,0.02,5467,1254.0,low,0.0,0.0205
06067001800,0.02,5346,1900.0,low,0.0,0.0166
06067001500,0.02,4946,2102.0,low,0.0,0.0228
06067001400,0.02,2930,639.0,low,0.0,0.0123
06067001300,0.02,3320,690.0,low,0.0,0.0143
06067000800,0.02,1637,105.0,low,0.0,0.0081
06067000700,0.02,2676,62.0,low,0.0,0.0164
06067000600,0.02,1686,214.0,low,0.0,0.0069
06067000400,0.02,3840,1127.0,low,0.0,0.0118
06067000300,0.02,3347,1717.0,low,0.0,0.0068
06067000200,0.02,3889,1991.0,low,0.0,0.0109
06067000100,0.02,3749,1684.0,low,0.0,0.0111
06013382000,0.02,8334,1644.0,low,0.0,0.066
06013376000,0.02,6941,1380.0,low,0.0,0.0417
06013375000,0.02,4869,950.0,low,0.0,0.012
06013383000,0.02,4969,1832.0,low,0.0,0.0108
06013384000,0.02,4180,1775.0,low,0.0,0.008
06013381000,0.02,7261,1712.0,low,0.0,0.0198
06067001900,0.02,3509,900.0,low,0.0,0.0139
06013385200,0.02,1453,595.0,low,0.0,0.0024
06013303202,0.02,9125,2197.0,low,0.0,0.0001
06013303204,0.02,4860,1426.0,low,0.0,0.0035
06013377000,0.02,7725,1355.0,low,0.0,0.0215
06067003102,0.02,3168,1108.0,low,0.0,0.0256
06067003101,0.02,3583,1295.0,low,0.0,0.0059
06067002900,0.02,4617,2385.0,low,0.0,0.02
06067002800,0.02,3317,1247.0,low,0.0,0.0066
06067002700,0.02,3545,1229.0,low,0.0,0.016
06013379000,0.02,7255,1856.0,low,0.0,0.0187
06067002600,0.02,2538,1069.0,low,0.0,0.0058
06067002500,0.02,1935,871.0,low,0.0,0.0035
06067002400,0.02,4627,2295.0,low,0.0,0.0088
06067002300,0.02,3380,1742.0,low,0.0,0.0068
06067002200,0.02,4898,1336.0,low,0.0,0.0116
06067002100,0.02,2773,728.0,low,0.0,0.0108
06067002000,0.02,3882,805.0,low,0.0,0.0163
06013385100,0.02,2886,1201.0,low,0.0,0.0052
06013362000,0.02,2961,1242.0,low,0.0,0.0111
06013386000,0.02,3500,807.0,low,0.0,0.0109
06013391000,0.02,2737,1144.0,low,0.0,0.0052
06013307202,0.02,4355,392.0,low,0.0,0.011
06013305000,0.02,7064,1965.0,low,0.0,0.0237
06013313102,0.02,4581,923.0,low,0.0,0.0095
06013312000,0.02,2974,564.0,low,0.0,0.0062
06013308002,0.02,5289,1521.0,low,0.0,0.0094
06013387000,0.02,2993,922.0,low,0.0,0.0064
06013308001,0.02,7770,2408.0,low,0.0,0.0231
06013307205,0.02,7484,1341.0,low,0.0,0.1442
06013307204,0.02,4526,1256.0,low,0.0,0.0125
06013306002,0.02,3678,1437.0,low,0.0,0.0011
06013306003,0.02,5615,1580.0,low,0.0,0.0113
06013306004,0.02,3667,950.0,low,0.0,0.0068
06013307101,0.02,4554,1235.0,low,0.0,0.0087
06013307102,0.02,5824,1422.0,low,0.0,0.0114
06013392000,0.02,2609,1138.0,low,0.0,0.0045
06013307201,0.02,3794,693.0,low,0.0,0.1163
06013390200,0.02,1860,850.0,low,0.0,0.0034
06013304001,0.02,5748,1737.0,low,0.0,0.0001
06013389200,0.02,1907,338.0,low,0.0,0.0245
06013304002,0.02,1293,1036.0,low,0.0,0.0006
06013389100,0.02,2434,735.0,low,0.0,0.0057
06013304003,0.02,3550,1656.0,low,0.0,0.0069
06013304004,0.02,3621,1699.0,low,0.0,0.0001
06013390100,0.02,2376,1038.0,low,0.0,0.0133
06013388000,0.02,2819,956.0,low,0.0,0.0068
06087100600,0.01,3358,1092.0,low,0.0,0.0001
06099000101,0.01,5672,4382.0,low,0.0,0.004
06099000304,0.01,5126,1524.0,low,0.0,0.0013
06099000102,0.01,3765,2965.0,low,0.0,0.001
06099000201,0.01,6211,2077.0,low,0.0,0.0003
06099000202,0.01,8312,2052.0,low,0.0,0.0001
06087100700,0.01,2275,426.0,low,0.0,0.0013
06087121300,0.01,4210,1093.0,low,0.0,0.0008
06099000301,0.01,2038,802.0,low,0.0,0.0001
06087101200,0.01,3461,964.0,low,0.0,0.002
06099000303,0.01,6285,1860.0,low,0.0,0.0023
06087100900,0.01,4274,1236.0,low,0.0,0.0001
06087101100,0.01,5501,1727.0,low,0.0,0.0003
06099000302,0.01,2782,853.0,low,0.0,0.0006
06087121200,0.01,6914,2468.0,low,0.0,0.0008
06087121100,0.01,3041,1281.0,low,0.0,0.0036
06087121000,0.01,3579,1619.0,low,0.0,0.0007
06087120800,0.01,6157,2052.0,low,0.0,0.0047
06087120700,0.01,4567,933.0,low,0.0,0.0004
06087120500,0.01,6007,2062.0,low,0.0,0.0008
06087120400,0.01,5411,1036.0,low,0.0,0.0003
06087120302,0.01,3152,830.0,low,0.0,0.0005
06087120301,0.01,5019,1356.0,low,0.0,0.0003
06099000506,0.01,4607,1595.0,low,0.0,0.0018
06099000505,0.01,5187,1545.0,low,0.0,0.0014
06099000503,0.01,5252,1262.0,low,0.0,0.0005
06099000501,0.01,7672,3282.0,low,0.0,0.0007
06099000404,0.01,5991,1872.0,low,0.0,0.0041
06099000403,0.01,4651,1573.0,low,0.0,0.0038
06087120200,0.01,4680,1763.0,low,0.0,0.0005
06087110700,0.01,3307,984.0,low,0.0,0.0001
06087120600,0.01,4735,1356.0,low,0.0,0.0003
06087990100,0.01,0,0.0,low,,
06085503804,0.01,5700,1161.0,low,0.0,0.0029
06087121402,0.01,4109,1132.0,low,0.0,0.0044
06085504805,0.01,7454,2216.0,low,0.0,0.0309
06085504806,0.01,2776,771.0,low,0.0,0.0
06087122001,0.01,5135,2157.0,low,0.0,0.001
06087122002,0.01,3548,1560.0,low,0.0,0.0001
06087122100,0.01,3315,1182.0,low,0.0,0.0011
06087122202,0.01,2235,856.0,low,0.0,0.0
06087122203,0.01,3688,1200.0,low,0.0,0.0002
06087122300,0.01,3965,1982.0,low,0.0,0.0007
06085505203,0.01,5673,1000.0,low,0.0,0.0001
06085505301,0.01,5484,971.0,low,0.0,0.0001
06085505302,0.01,4690,1117.0,low,0.0,0.0001
06085505303,0.01,6127,1118.0,low,0.0,0.0002
06087121403,0.01,3355,853.0,low,0.0,0.0021
06087121401,0.01,2691,795.0,low,0.0,0.0001
06091010000,0.01,3236,2945.0,low,0.0,0.0007
06085504423,0.01,2307,646.0,low,0.0,0.0
06085503903,0.01,3289,888.0,low,0.0,0.0
06085504001,0.01,6022,1128.0,low,0.0,0.0009
06085504002,0.01,5908,938.0,low,0.0,0.0001
06085504101,0.01,4217,1219.0,low,0.0,0.0001
06085504102,0.01,5818,1379.0,low,0.0,0.0001
06085504201,0.01,5269,1811.0,low,0.0,0.0001
06085504202,0.01,4896,1996.0,low,0.0,0.0001
06085504308,0.01,4613,1627.0,low,0.0,0.0001
06085504315,0.01,6696,1562.0,low,0.0,0.0006
06085504319,0.01,7917,1563.0,low,0.0,0.0001
06085504411,0.01,5350,1412.0,low,0.0,0.0001
06085504412,0.01,4703,860.0,low,0.0,0.0001
06085504415,0.01,5218,1416.0,low,0.0,0.0001
06085504416,0.01,3758,862.0,low,0.0,0.0001
06085504418,0.01,4852,914.0,low,0.0,0.0001
06085504421,0.01,4804,1362.0,low,0.0,0.0001
06085504422,0.01,3680,912.0,low,0.0,0.0
06085505304,0.01,3281,1130.0,low,0.0,0.0002
06085505305,0.01,6114,1601.0,low,0.0,0.0003
06085505401,0.01,6492,999.0,low,0.0,0.0006
06085505402,0.01,3090,808.0,low,0.0,0.0001
06085506601,0.01,4726,1228.0,low,0.0,0.0001
06085506603,0.01,4084,1418.0,low,0.0,0.0001
06085506604,0.01,7714,2435.0,low,0.0,0.0001
06085506605,0.01,4320,1025.0,low,0.0,0.0001
06085506606,0.01,4537,1118.0,low,0.0,0.0001
06085506701,0.01,4093,1395.0,low,0.0,0.0001
06085506702,0.01,5956,1703.0,low,0.0,0.0001
06085506703,0.01,3937,965.0,low,0.0,0.0001
06085506801,0.01,6454,1834.0,low,0.0,0.0004
06085506802,0.01,5533,1415.0,low,0.0,0.0001
06085506803,0.01,7357,1350.0,low,0.0,0.0001
06085506804,0.01,3936,989.0,low,0.0,0.0
06085506900,0.01,8031,2534.0,low,0.0,0.0001
06085507002,0.01,3012,1115.0,low,0.0,0.0
06087122500,0.01,6717,1773.0,low,0.0,0.0004
06087123100,0.01,2640,899.0,low,0.0,0.0031
06087123300,0.01,1561,1007.0,low,0.0,0.0006
06087100400,0.01,8452,327.0,low,0.0,0.0009
06085506503,0.01,6802,1269.0,low,0.0,0.0002
06085506502,0.01,4723,1529.0,low,0.0,0.0023
06085506102,0.01,4574,1039.0,low,0.0,0.0001
06085505403,0.01,8695,1079.0,low,0.0,0.0002
06085505500,0.01,4217,1416.0,low,0.0,0.0001
06085505600,0.01,4338,907.0,low,0.0,0.0002
06085505700,0.01,5738,1621.0,low,0.0,0.0002
06085505800,0.01,4027,1569.0,low,0.0,0.0001
06085506000,0.01,4938,1290.0,low,0.0,0.0001
06085506101,0.01,4829,1483.0,low,0.0,0.0001
06085506103,0.01,5052,1416.0,low,0.0,0.0001
06085506402,0.01,5719,1154.0,low,0.0,0.0002
06085506202,0.01,7512,2034.0,low,0.0,0.0001
06085506203,0.01,7138,548.0,low,0.0,0.0002
06085506204,0.01,6423,1554.0,low,0.0,0.0001
06085506301,0.01,5631,1113.0,low,0.0,0.0019
06085506302,0.01,6210,1806.0,low,0.0,0.0001
06085506304,0.01,5412,639.0,low,0.0,0.0002
06085506305,0.01,7257,975.0,low,0.0,0.0002
06085506401,0.01,5096,941.0,low,0.0,0.0001
06087100500,0.01,5490,1186.0,low,0.0,0.0001
06085507903,0.01,4888,1518.0,low,0.0,0.0001
06087100300,0.01,4020,1054.0,low,0.0,0.0001
06099003906,0.01,5129,796.0,low,0.0,0.0001
06101050402,0.01,4270,1350.0,low,0.0,0.0003
06101050401,0.01,5109,1260.0,low,0.0,0.0001
06101050302,0.01,6286,1571.0,low,0.0,0.0005
06101050301,0.01,2593,838.0,low,0.0,0.0
06101050202,0.01,3982,1102.0,low,0.0,0.0012
06101050201,0.01,3277,873.0,low,0.0,0.0001
06101050102,0.01,5008,1200.0,low,0.0,0.0006
06101050101,0.01,7292,1615.0,low,0.0,0.0013
06099004000,0.01,3834,3036.0,low,0.0,0.0028
06099003909,0.01,6625,1647.0,low,0.0,0.0003
06099003908,0.01,2449,540.0,low,0.0,0.0033
06099003907,0.01,7566,2168.0,low,0.0,0.0001
06099003905,0.01,3940,1413.0,low,0.0,0.0002
06101050501,0.01,6325,1746.0,low,0.0,0.0026
06099003904,0.01,4732,1643.0,low,0.0,0.0001
06099003805,0.01,3087,693.0,low,0.0,0.0001
06099003804,0.01,6826,1898.0,low,0.0,0.0039
06099003803,0.01,3045,767.0,low,0.0,0.0022
06099003802,0.01,5724,1542.0,low,0.0,0.0001
06099003700,0.01,4996,2714.0,low,0.0,0.0021
06099003603,0.01,4012,3924.0,low,0.0,0.0039
06099003400,0.01,1675,1341.0,low,0.0,0.0017
06101050403,0.01,3970,1047.0,low,0.0,0.0
06085512025,0.01,3232,655.0,low,0.0,0.0
06085512022,0.01,5877,996.0,low,0.0,0.0127
06101050701,0.01,4533,1687.0,low,0.0,0.0016
06085512037,0.01,3149,872.0,low,0.0,0.0
06085512024,0.01,4698,611.0,low,0.0,0.0003
06109985202,0.01,2734,76.0,low,0.0,0.0002
06109005201,0.01,1829,1963.0,low,0.0,0.0016
06109001200,0.01,4079,1596.0,low,0.0,0.0006
06109001100,0.01,3880,1709.0,low,0.0,0.0009
06085512036,0.01,5047,544.0,low,0.0,0.0001
06101050800,0.01,3518,2130.0,low,0.0,0.0002
06101050702,0.01,6616,2311.0,low,0.0,0.0009
06101050604,0.01,4379,1159.0,low,0.0,0.0001
06085512026,0.01,3949,697.0,low,0.0,0.0001
06101050603,0.01,5350,2042.0,low,0.0,0.0067
06085512035,0.01,4234,1143.0,low,0.0,0.0
06101050601,0.01,6281,2282.0,low,0.0,0.0012
06101050504,0.01,7395,2432.0,low,0.0,0.0001
06101050503,0.01,7368,2038.0,low,0.0,0.0001
06085512034,0.01,3179,762.0,low,0.0,0.0
06085512032,0.01,3487,1032.0,low,0.0,0.0001
06085512031,0.01,4447,1201.0,low,0.0,0.0001
06085512030,0.01,3096,848.0,low,0.0,0.0
06085512029,0.01,6813,1520.0,low,0.0,0.0004
06085512027,0.01,4371,626.0,low,0.0,0.0001
06099003300,0.01,5992,3221.0,low,0.0,0.0024
06099003201,0.01,5641,1417.0,low,0.0,0.0024
06099000910,0.01,6936,1813.0,low,0.0,0.0029
06099001604,0.01,4031,836.0,low,0.0,0.0001
06099001603,0.01,5959,1912.0,low,0.0,0.0003
06099001601,0.01,4968,1389.0,low,0.0,0.0001
06099001500,0.01,7108,2738.0,low,0.0,0.0034
06099001400,0.01,7546,2209.0,low,0.0,0.0002
06099001300,0.01,6342,2871.0,low,0.0,0.0001
06099001200,0.01,3961,1863.0,low,0.0,0.0001
06099001100,0.01,4381,1491.0,low,0.0,0.0001
06099001002,0.01,3427,1450.0,low,0.0,0.0002
06099001001,0.01,6746,2064.0,low,0.0,0.0001
06099000911,0.01,4966,1493.0,low,0.0,0.0001
06099000909,0.01,4746,1446.0,low,0.0,0.0001
06099003100,0.01,3843,2892.0,low,0.0,0.0018
06099000908,0.01,5480,1607.0,low,0.0,0.0001
06099000907,0.01,3371,1359.0,low,0.0,0.0001
06099000906,0.01,6106,1978.0,low,0.0,0.0001
06099000905,0.01,6221,2026.0,low,0.0,0.0008
06099000807,0.01,3782,985.0,low,0.0,0.0022
06099000806,0.01,4474,1360.0,low,0.0,0.0002
06099000805,0.01,6584,1960.0,low,0.0,0.0001
06099000803,0.01,5153,1306.0,low,0.0,0.0056
06099000801,0.01,6826,2476.0,low,0.0,0.0005
06099000602,0.01,3035,1568.0,low,0.0,0.0002
06099000601,0.01,4737,1810.0,low,0.0,0.0002
06099001700,0.01,2645,885.0,low,0.0,0.0001
06099001800,0.01,2011,1035.0,low,0.0,0.0001
06099001900,0.01,5863,2426.0,low,0.0,0.0001
06099002002,0.01,4662,2396.0,low,0.0,0.003
06099003002,0.01,7207,2847.0,low,0.0,0.007
06099002901,0.01,4990,4081.0,low,0.0,0.0036
06099002803,0.01,2933,1149.0,low,0.0,0.0034
06099002802,0.01,6931,3405.0,low,0.0,0.0046
06099002801,0.01,6122,2560.0,low,0.0,0.0013
06099002702,0.01,7175,1889.0,low,0.0,0.0006
06099002701,0.01,4186,1439.0,low,0.0,0.0025
06099002605,0.01,4231,1385.0,low,0.0,0.0026
06099002604,0.01,4917,1140.0,low,0.0,0.0011
06099002603,0.01,3131,1084.0,low,0.0,0.0
06099002602,0.01,5495,1455.0,low,0.0,0.0022
06099002504,0.01,4532,1434.0,low,0.0,0.0001
06099002503,0.01,4755,1287.0,low,0.0,0.0027
06099002402,0.01,5509,1667.0,low,0.0,0.0004
06099002401,0.01,3852,939.0,low,0.0,0.0007
06099002302,0.01,3991,1310.0,low,0.0,0.0021
06099002200,0.01,6502,1955.0,low,0.0,0.0006
06099002100,0.01,3713,1707.0,low,0.0,0.0005
06099002006,0.01,4765,1379.0,low,0.0,0.0004
06099002005,0.01,3988,1095.0,low,0.0,0.0
06099002004,0.01,6759,1832.0,low,0.0,0.0009
06085512023,0.01,5655,677.0,low,0.0,0.0001
06085512021,0.01,6292,1307.0,low,0.0,0.0052
06087100200,0.01,6825,2064.0,low,0.0,0.0003
06085507805,0.01,5180,1086.0,low,0.0,0.0001
06085507203,0.01,2891,604.0,low,0.0,0.0013
06085507205,0.01,4853,1428.0,low,0.0,0.0001
06085507206,0.01,2928,1237.0,low,0.0,0.0
06085507301,0.01,6725,2810.0,low,0.0,0.0001
06085507302,0.01,2883,1207.0,low,0.0,0.0001
06085507401,0.01,5709,1997.0,low,0.0,0.0001
06085507402,0.01,4091,1569.0,low,0.0,0.0001
06085507500,0.01,5984,2134.0,low,0.0,0.0001
06085507600,0.01,5815,2331.0,low,0.0,0.0001
06085507701,0.01,4092,1569.0,low,0.0,0.0001
06085507702,0.01,6107,2262.0,low,0.0,0.0001
06085507806,0.01,5824,1227.0,low,0.0,0.0002
06085512047,0.01,5379,1341.0,low,0.0,0.0002
06085507807,0.01,3191,864.0,low,0.0,0.0001
06085507808,0.01,5674,1628.0,low,0.0,0.0001
06085507904,0.01,3404,1173.0,low,0.0,0.0
06085507905,0.01,6188,1160.0,low,0.0,0.0011
06085507906,0.01,4508,1474.0,low,0.0,0.0002
06085508003,0.01,2266,595.0,low,0.0,0.0001
06085508004,0.01,6561,1599.0,low,0.0,0.0001
06085508101,0.01,6726,1563.0,low,0.0,0.0001
06085508102,0.01,4143,762.0,low,0.0,0.0001
06085508203,0.01,5573,1495.0,low,0.0,0.0001
06085507100,0.01,3020,744.0,low,0.0,0.0001
06085512052,0.01,4119,678.0,low,0.0,0.0063
06085512402,0.01,5136,3371.0,low,0.0,0.0009
06087100100,0.01,2294,785.0,low,0.0,0.0
06085513500,0.01,960,1213.0,low,0.0,0.0001
06085512604,0.01,5101,874.0,low,0.0,0.0034
06085512603,0.01,5303,702.0,low,0.0,0.0011
06085512602,0.01,3531,2119.0,low,0.0,0.0008
06085512510,0.01,7791,1837.0,low,0.0,0.0001
06085512509,0.01,6469,1164.0,low,0.0,0.0029
06085512505,0.01,7643,1663.0,low,0.0,0.0001
06085512401,0.01,4830,3022.0,low,0.0,0.0011
06085512053,0.01,4687,878.0,low,0.0,0.0001
06085512314,0.01,6940,1583.0,low,0.0,0.004
06085512313,0.01,4151,769.0,low,0.0,0.0001
06085512312,0.01,3756,819.0,low,0.0,0.0001
06115040902,0.01,2412,759.0,low,0.0,0.0001
06085512311,0.01,4123,1154.0,low,0.0,0.0053
06085512310,0.01,5163,997.0,low,0.0,0.0073
06085512309,0.01,4983,1714.0,low,0.0,0.0001
06085512308,0.01,8984,3172.0,low,0.0,0.0006
06085512307,0.01,6841,2117.0,low,0.0,0.004
06085512305,0.01,4761,1751.0,low,0.0,0.0003
06085512200,0.01,4790,2667.0,low,0.0,0.0011
06085512100,0.01,1755,1214.0,low,0.0,0.0005
06085508204,0.01,4339,1116.0,low,0.0,0.0001
06085508301,0.01,4689,1497.0,low,0.0,0.0002
06085508303,0.01,2631,942.0,low,0.0,0.0003
06085511907,0.01,4033,932.0,low,0.0,0.0001
06085510100,0.01,3016,1166.0,low,0.0,0.0
06085510200,0.01,4549,1785.0,low,0.0,0.0002
06115040302,0.01,2479,528.0,low,0.0,0.0024
06115040301,0.01,3600,890.0,low,0.0,0.0022
06115040100,0.01,5029,1337.0,low,0.0,0.0007
06085512043,0.01,6028,805.0,low,0.0,0.0046
06085512042,0.01,2972,519.0,low,0.0,0.0
06085511702,0.01,2906,1183.0,low,0.0,0.0
06085512039,0.01,5097,1102.0,low,0.0,0.0034
06085511800,0.01,4185,1524.0,low,0.0,0.0001
06085511905,0.01,3243,794.0,low,0.0,0.0
06085511910,0.01,3097,966.0,low,0.0,0.0
06085511911,0.01,4885,1715.0,low,0.0,0.0006
06085511912,0.01,5348,1567.0,low,0.0,0.0002
06085511913,0.01,4336,1270.0,low,0.0,0.0001
06085511914,0.01,5664,1494.0,low,0.0,0.0001
06085511915,0.01,3562,355.0,low,0.0,0.0001
06085512038,0.01,3086,440.0,low,0.0,0.0055
06085511916,0.01,4836,847.0,low,0.0,0.0001
06085512001,0.01,7025,1599.0,low,0.0,0.0001
06085512005,0.01,6601,1400.0,low,0.0,0.0001
06085512019,0.01,4653,947.0,low,0.0,0.0001
06085510002,0.01,3754,1368.0,low,0.0,0.0001
06085510001,0.01,6295,2426.0,low,0.0,0.0001
06085509902,0.01,5301,1799.0,low,0.0,0.003
06085508401,0.01,7168,2083.0,low,0.0,0.0001
06085508403,0.01,3092,1037.0,low,0.0,0.0
06085508404,0.01,6884,1665.0,low,0.0,0.0001
06085508503,0.01,6909,858.0,low,0.0,0.0001
06085508505,0.01,4741,1052.0,low,0.0,0.0001
06085508507,0.01,3191,204.0,low,0.0,0.0001
06085508508,0.01,5894,1470.0,low,0.0,0.0088
06085508601,0.01,4169,1379.0,low,0.0,0.0001
06085508602,0.01,5461,1119.0,low,0.0,0.0002
06085508800,0.01,3635,697.0,low,0.0,0.0001
06115040901,0.01,3047,2013.0,low,0.0,0.0048
06085508900,0.01,4887,910.0,low,0.0,0.0004
06115040800,0.01,4405,1974.0,low,0.0,0.0011
06085509106,0.01,4678,904.0,low,0.0,0.0004
06085509107,0.01,5242,326.0,low,0.0,0.0003
06085512045,0.01,5635,1670.0,low,0.0,0.0001
06115040600,0.01,6396,1966.0,low,0.0,0.0052
06115040500,0.01,4002,1258.0,low,0.0,0.0023
06115040400,0.01,5938,1860.0,low,0.0,0.005
06085509801,0.01,6196,1670.0,low,0.0,0.0001
06085509802,0.01,2967,908.0,low,0.0,0.0
06085509901,0.01,2244,783.0,low,0.0,0.0
06085503902,0.01,6023,1348.0,low,0.0,0.0004
06069000200,0.01,6729,3375.0,low,0.0,0.0019
06085503803,0.01,4617,1063.0,low,0.0,0.0001
06045011102,0.01,4436,2875.0,low,0.0,0.0019
06047000201,0.01,3325,2290.0,low,0.0,0.0014
06045990100,0.01,0,0.0,low,,
06045011700,0.01,4236,2039.0,low,0.0,0.0024
06045011600,0.01,6298,1461.0,low,0.0,0.0063
06045011400,0.01,4434,1629.0,low,0.0,0.0001
06045011300,0.01,6010,2172.0,low,0.0,0.0049
06045011200,0.01,3582,2445.0,low,0.0,0.0027
06045010200,0.01,4267,3852.0,low,0.0,0.0032
06045011001,0.01,2027,1783.0,low,0.0,0.0015
06045010900,0.01,4983,2329.0,low,0.0,0.006
06045010802,0.01,1849,1633.0,low,0.0,0.001
06045010801,0.01,6018,3088.0,low,0.0,0.0064
06045010700,0.01,6386,2528.0,low,0.0,0.0032
06045010500,0.01,4333,1841.0,low,0.0,0.003
06045010400,0.01,3356,1966.0,low,0.0,0.001
06047000202,0.01,1807,1048.0,low,0.0,0.0003
06047000301,0.01,5003,1208.0,low,0.0,0.0007
06047000303,0.01,1996,1587.0,low,0.0,0.0012
06047001003,0.01,4190,844.0,low,0.0,0.0003
06047000901,0.01,3512,3401.0,low,0.0,0.0038
06047000802,0.01,4709,1500.0,low,0.0,0.0019
06047000801,0.01,6216,1557.0,low,0.0,0.0003
06047000702,0.01,5125,2714.0,low,0.0,0.0006
06047000701,0.01,3484,955.0,low,0.0,0.0009
06047000603,0.01,6502,1680.0,low,0.0,0.0065
06047000602,0.01,3806,956.0,low,0.0,0.0002
06047000601,0.01,5608,1415.0,low,0.0,0.0024
06047000505,0.01,6974,2420.0,low,0.0,0.0048
06047000504,0.01,6475,1692.0,low,0.0,0.002
06047000503,0.01,2903,1751.0,low,0.0,0.0021
06047000401,0.01,1681,1417.0,low,0.0,0.0014
06045010300,0.01,4233,2990.0,low,0.0,0.0032
06045010100,0.01,3100,2276.0,low,0.0,0.0021
06047001005,0.01,2285,598.0,low,0.0,0.004
06017031302,0.01,4815,905.0,low,0.0,0.002
06017031700,0.01,3660,1076.0,low,0.0,0.0003
06017031504,0.01,5556,2652.0,low,0.0,0.0051
06017031503,0.01,2818,1710.0,low,0.0,0.0005
06017031406,0.01,5526,1822.0,low,0.0,0.0009
06017031405,0.01,2484,995.0,low,0.0,0.0
06017031404,0.01,2508,1291.0,low,0.0,0.0004
06017031301,0.01,3403,1468.0,low,0.0,0.0017
06043000200,0.01,3206,2891.0,low,0.0,0.0047
06017031200,0.01,5157,2020.0,low,0.0,0.0004
06017031100,0.01,5634,2045.0,low,0.0,0.0007
06017031000,0.01,6314,2705.0,low,0.0,0.003
06017030902,0.01,4829,2807.0,low,0.0,0.0008
06017030901,0.01,3158,2138.0,low,0.0,0.0002
06017030810,0.01,3644,958.0,low,0.0,0.001
06017030809,0.01,2557,824.0,low,0.0,0.0001
06017030808,0.01,6726,2199.0,low,0.0,0.0004
06017031800,0.01,6896,2216.0,low,0.0,0.0001
06017031900,0.01,155,212.0,low,0.0,0.0
06019003900,0.01,5024,3582.0,low,0.0,0.0043
06019008200,0.01,6506,2474.0,low,0.0,0.0036
06033000502,0.01,2901,1120.0,low,0.0,0.0036
06033000501,0.01,3416,1885.0,low,0.0,0.0042
06033000300,0.01,4045,2235.0,low,0.0,0.0051
06033000100,0.01,3284,2132.0,low,0.0,0.0034
06021010502,0.01,1457,2105.0,low,0.0,0.0008
06021010501,0.01,3189,1944.0,low,0.0,0.0031
06021010300,0.01,2202,2811.0,low,0.0,0.0014
06021010200,0.01,4967,3911.0,low,0.0,0.0065
06019008402,0.01,1047,918.0,low,0.0,0.0009
06019008301,0.01,5828,764.0,low,0.0,0.0001
06047001004,0.01,3969,849.0,low,0.0,0.0002
06047001101,0.01,6089,1822.0,low,0.0,0.0003
06085503802,0.01,8208,1915.0,low,0.0,0.0001
06057000502,0.01,4718,1681.0,low,0.0,0.0025
06061020300,0.01,4639,1473.0,low,0.0,0.0001
06061020200,0.01,6429,3181.0,low,0.0,0.0028
06057000900,0.01,4274,2977.0,low,0.0,0.002
06057000802,0.01,6700,2519.0,low,0.0,0.0003
06057000801,0.01,5289,2314.0,low,0.0,0.0008
06057000702,0.01,4079,1565.0,low,0.0,0.0012
06057000701,0.01,7581,3901.0,low,0.0,0.0009
06053014700,0.01,6991,2600.0,low,0.0,0.0069
06057000401,0.01,5932,2967.0,low,0.0,0.0003
06057000300,0.01,2496,1410.0,low,0.0,0.0003
06057000200,0.01,2672,2186.0,low,0.0,0.0007
06057000105,0.01,2807,1551.0,low,0.0,0.0007
06057000104,0.01,3405,1279.0,low,0.0,0.0064
06057000102,0.01,6977,2498.0,low,0.0,0.0003
06061020401,0.01,2242,888.0,low,0.0,0.0001
06061020402,0.01,3511,1413.0,low,0.0,0.0001
06061020501,0.01,2973,2025.0,low,0.0,0.0007
06061020502,0.01,4317,2343.0,low,0.0,0.003
06061021003,0.01,6784,2382.0,low,0.0,0.0004
06061020908,0.01,7512,2951.0,low,0.0,0.0003
06061020901,0.01,2777,1051.0,low,0.0,0.0001
06061020806,0.01,3576,1282.0,low,0.0,0.0002
06061020805,0.01,4202,1322.0,low,0.0,0.0002
06061020717,0.01,4888,1516.0,low,0.0,0.0002
06061020715,0.01,3074,1021.0,low,0.0,0.0001
06061020714,0.01,3848,1472.0,low,0.0,0.0001
06061020713,0.01,3323,825.0,low,0.0,0.0001
06061020712,0.01,3855,1117.0,low,0.0,0.0001
06061020711,0.01,4558,1141.0,low,0.0,0.0001
06061020710,0.01,4408,1719.0,low,0.0,0.0014
06061020606,0.01,4296,1523.0,low,0.0,0.0001
06061020605,0.01,5885,2565.0,low,0.0,0.0013
06061020604,0.01,5927,2650.0,low,0.0,0.0016
06061020601,0.01,7257,3206.0,low,0.0,0.0001
06053990000,0.01,0,0.0,low,,
06053014601,0.01,5400,1879.0,low,0.0,0.003
06047001200,0.01,5365,1972.0,low,0.0,0.0003
06047001700,0.01,7032,1990.0,low,0.0,0.0067
06047002301,0.01,8401,2351.0,low,0.0,0.0009
06047002201,0.01,6720,1820.0,low,0.0,0.0012
06047002100,0.01,4732,3121.0,low,0.0,0.0059
06047001902,0.01,2376,1533.0,low,0.0,0.0005
06047001901,0.01,5279,2068.0,low,0.0,0.0017
06047001801,0.01,5397,1321.0,low,0.0,0.0001
06053014302,0.01,4251,1032.0,low,0.0,0.0003
06047001601,0.01,4166,735.0,low,0.0,0.0001
06047001503,0.01,4844,805.0,low,0.0,0.0004
06047001502,0.01,2768,641.0,low,0.0,0.0008
06047001501,0.01,2689,982.0,low,0.0,0.0
06047001402,0.01,4813,1562.0,low,0.0,0.0002
06047001401,0.01,4150,1394.0,low,0.0,0.0001
06047001302,0.01,3016,989.0,low,0.0,0.0001
06047001301,0.01,3413,1282.0,low,0.0,0.0001
06047002401,0.01,1623,1350.0,low,0.0,0.0009
06047002500,0.01,2197,1964.0,low,0.0,0.0013
06053014301,0.01,3654,748.0,low,0.0,0.0001
06053010606,0.01,7928,2106.0,low,0.0,0.0017
06053010506,0.01,5542,512.0,low,0.0,0.006
06053010505,0.01,5649,817.0,low,0.0,0.0104
06053010504,0.01,5388,797.0,low,0.0,0.0002
06053010501,0.01,6925,3123.0,low,0.0,0.002
06053010400,0.01,7515,950.0,low,0.0,0.0011
06053010306,0.01,1290,736.0,low,0.0,0.0017
06053010305,0.01,4827,2042.0,low,0.0,0.0016
06053010202,0.01,4375,2094.0,low,0.0,0.0021
06053010102,0.01,3252,1611.0,low,0.0,0.0025
06053010101,0.01,4410,890.0,low,0.0,0.0037
06053000104,0.01,3779,674.0,low,0.0,0.0
06053000103,0.01,4354,457.0,low,0.0,0.0001
06053000101,0.01,2328,743.0,low,0.0,0.0
06017030807,0.01,4044,1364.0,low,0.0,0.0001
06017030804,0.01,6695,3674.0,low,0.0,0.0015
06001442400,0.01,6347,1737.0,low,0.0,0.0001
06001443103,0.01,3972,1344.0,low,0.0,0.0001
06001443102,0.01,4942,1547.0,low,0.0,0.0001
06001442900,0.01,7661,2030.0,low,0.0,0.0001
06001442800,0.01,2959,882.0,low,0.0,0.0
06001442700,0.01,3141,1014.0,low,0.0,0.0
06001442602,0.01,5314,1172.0,low,0.0,0.0001
06001442601,0.01,3854,1106.0,low,0.0,0.0003
06001442301,0.01,5046,1034.0,low,0.0,0.0001
06001441523,0.01,4169,450.0,low,0.0,0.0001
06001441927,0.01,4310,171.0,low,0.0,0.0001
06001441926,0.01,3836,444.0,low,0.0,0.0001
06001441923,0.01,6333,481.0,low,0.0,0.0003
06001441921,0.01,3718,743.0,low,0.0,0.0001
06001441800,0.01,7195,1624.0,low,0.0,0.0001
06001441602,0.01,7220,1603.0,low,0.0,0.0001
06001441601,0.01,4641,1338.0,low,0.0,0.0001
06001443105,0.01,4687,1258.0,low,0.0,0.0001
06001443200,0.01,3553,1312.0,low,0.0,0.0
06001443301,0.01,4134,1247.0,low,0.0,0.0001
06001443321,0.01,3511,351.0,low,0.0,0.0001
06001451504,0.01,1657,752.0,low,0.0,0.0001
06001451503,0.01,6520,1820.0,low,0.0,0.0001
06001451501,0.01,4920,1994.0,low,0.0,0.0001
06001451404,0.01,6613,1631.0,low,0.0,0.0001
06001451403,0.01,2175,716.0,low,0.0,0.0
06001451401,0.01,6053,1542.0,low,0.0,0.0001
06001451201,0.01,7271,2010.0,low,0.0,0.0011
06001451102,0.01,3955,1511.0,low,0.0,0.0002
06001450742,0.01,5439,1410.0,low,0.0,0.0047
06001444601,0.01,6083,1646.0,low,0.0,0.0001
06001444500,0.01,6414,1390.0,low,0.0,0.0001
06001444400,0.01,5282,1277.0,low,0.0,0.0001
06001444301,0.01,3617,1058.0,low,0.0,0.0001
06001444200,0.01,6451,1765.0,low,0.0,0.0001
06001444100,0.01,7703,2375.0,low,0.0,0.0001
06001443322,0.01,3191,940.0,low,0.0,0.0
06001441524,0.01,4040,854.0,low,0.0,0.0001
06001441522,0.01,4868,1048.0,low,0.0,0.0001
06017030801,0.01,4347,2277.0,low,0.0,0.0003
06001437600,0.01,3398,723.0,low,0.0,0.0002
06001438203,0.01,4200,1588.0,low,0.0,0.0029
06001438201,0.01,4752,1294.0,low,0.0,0.0074
06001438100,0.01,7807,1998.0,low,0.0,0.0001
06001438000,0.01,3409,994.0,low,0.0,0.0
06001437900,0.01,2426,549.0,low,0.0,0.0001
06001437800,0.01,4785,1233.0,low,0.0,0.0002
06001437702,0.01,4404,385.0,low,0.0,0.0001
06001437701,0.01,3991,488.0,low,0.0,0.0007
06001437500,0.01,4797,590.0,low,0.0,0.0001
06001441521,0.01,5779,1830.0,low,0.0,0.0029
06001437102,0.01,4557,748.0,low,0.0,0.0001
06001436500,0.01,5372,961.0,low,0.0,0.0004
06001436402,0.01,3007,1242.0,low,0.0,0.0
06001435104,0.01,7230,819.0,low,0.0,0.0003
06001435103,0.01,7726,2605.0,low,0.0,0.0003
06001435102,0.01,5870,1407.0,low,0.0,0.0001
06001432800,0.01,4121,1515.0,low,0.0,0.0002
06001430400,0.01,2207,823.0,low,0.0,0.0
06001438204,0.01,5940,1902.0,low,0.0,0.013
06001438300,0.01,3865,955.0,low,0.0,0.0
06001438400,0.01,2460,852.0,low,0.0,0.0028
06001440100,0.01,2656,460.0,low,0.0,0.0
06001441402,0.01,5293,1460.0,low,0.0,0.0001
06001441401,0.01,7319,1780.0,low,0.0,0.0001
06001441302,0.01,5661,1660.0,low,0.0,0.0001
06001441301,0.01,3248,747.0,low,0.0,0.0
06001441200,0.01,7277,2263.0,low,0.0,0.0001
06001440336,0.01,4583,988.0,low,0.0,0.0001
06001440334,0.01,4083,1081.0,low,0.0,0.0
06001440333,0.01,2787,854.0,low,0.0,0.0001
06001440331,0.01,3323,728.0,low,0.0,0.0001
06001440308,0.01,5946,1394.0,low,0.0,0.0001
06001440307,0.01,4459,1262.0,low,0.0,0.0072
06001440306,0.01,4020,635.0,low,0.0,0.0001
06001440305,0.01,3682,1044.0,low,0.0,0.0
06001440304,0.01,4726,876.0,low,0.0,0.0001
06001440301,0.01,7129,2188.0,low,0.0,0.0047
06001440200,0.01,5786,1346.0,low,0.0,0.0004
06001451505,0.01,3177,1130.0,low,0.0,0.0
06001451506,0.01,3123,685.0,low,0.0,0.0001
06001451601,0.01,5003,1984.0,low,0.0,0.0009
06007003001,0.01,3141,1153.0,low,0.0,0.0032
06007003600,0.01,3568,2464.0,low,0.0,0.0015
06007003502,0.01,5060,2225.0,low,0.0,0.0015
06007003501,0.01,3716,1586.0,low,0.0,0.0006
06007003400,0.01,2921,1707.0,low,0.0,0.0012
06007003300,0.01,5071,3885.0,low,0.0,0.009
06007003200,0.01,4352,2489.0,low,0.0,0.0088
06007003100,0.01,4575,2204.0,low,0.0,0.0023
06007003002,0.01,3508,1598.0,low,0.0,0.002
06007002900,0.01,3315,1341.0,low,0.0,0.0024
06001451602,0.01,6631,1851.0,low,0.0,0.0001
06007002800,0.01,4718,1426.0,low,0.0,0.0016
06007002700,0.01,5833,2322.0,low,0.0,0.0022
06007002602,0.01,3980,2132.0,low,0.0,0.0062
06007002601,0.01,2474,1586.0,low,0.0,0.0035
06007002500,0.01,5008,1546.0,low,0.0,0.0024
06007002300,0.01,1851,2345.0,low,0.0,0.0032
06007002200,0.01,1799,2835.0,low,0.0,0.0002
06007003700,0.01,5249,2247.0,low,0.0,0.0058
06009000121,0.01,4354,2610.0,low,0.0,0.0029
06009000122,0.01,3839,2612.0,low,0.0,0.0034
06017030710,0.01,5947,1998.0,low,0.0,0.0001
06017030709,0.01,5065,1888.0,low,0.0,0.0004
06017030706,0.01,6563,2106.0,low,0.0,0.0001
06017030701,0.01,6177,2244.0,low,0.0,0.0003
06017030603,0.01,3401,1838.0,low,0.0,0.0009
06017030601,0.01,5087,3236.0,low,0.0,0.0008
06011000500,0.01,2684,1297.0,low,0.0,0.0004
06011000400,0.01,2270,2643.0,low,0.0,0.002
06011000200,0.01,5151,2538.0,low,0.0,0.003
06009000501,0.01,3214,1328.0,low,0.0,0.0001
06009000400,0.01,3862,2249.0,low,0.0,0.0019
06009000220,0.01,5849,3256.0,low,0.0,0.0008
06007002100,0.01,926,1546.0,low,0.0,0.0003
06007002000,0.01,886,1703.0,low,0.0,0.0005
06007001900,0.01,675,1173.0,low,0.0,0.0007
06007000401,0.01,5099,925.0,low,0.0,0.0088
06007000202,0.01,4029,990.0,low,0.0,0.0061
06007000201,0.01,4470,1300.0,low,0.0,0.0066
06007000104,0.01,6153,1560.0,low,0.0,0.0001
06007000103,0.01,6087,1486.0,low,0.0,0.0003
06007000102,0.01,4202,1539.0,low,0.0,0.0026
06005000500,0.01,3231,1748.0,low,0.0,0.001
06005000402,0.01,4928,2312.0,low,0.0,0.0017
06005000401,0.01,5146,2543.0,low,0.0,0.003
06005000304,0.01,4297,2330.0,low,0.0,0.0043
06005000303,0.01,6321,2769.0,low,0.0,0.0008
06005000301,0.01,5726,1416.0,low,0.0,0.0031
06005000102,0.01,1892,931.0,low,0.0,0.0004
06005000101,0.01,4009,1732.0,low,0.0,0.0005
06001451704,0.01,4572,1388.0,low,0.0,0.0001
06001451703,0.01,3952,1266.0,low,0.0,0.0001
06001451701,0.01,3270,963.0,low,0.0,0.0001
06007000300,0.01,4740,1064.0,low,0.0,0.0041
06007001800,0.01,840,1697.0,low,0.0,0.0011
06007000501,0.01,4939,1611.0,low,0.0,0.0016
06007001702,0.01,3574,1150.0,low,0.0,0.0063
06007001500,0.01,5504,3921.0,low,0.0,0.0016
06007001400,0.01,6143,4501.0,low,0.0,0.0041
06007001300,0.01,4079,1486.0,low,0.0,0.0015
06007001200,0.01,3488,1221.0,low,0.0,0.0004
06007001100,0.01,4568,1258.0,low,0.0,0.0039
06007001000,0.01,4979,1314.0,low,0.0,0.0006
06007000904,0.01,6331,2065.0,low,0.0,0.0003
06007000903,0.01,7042,1695.0,low,0.0,0.0018
06007000901,0.01,2799,1163.0,low,0.0,0.0003
06007000800,0.01,5626,2117.0,low,0.0,0.0003
06007000700,0.01,5081,1849.0,low,0.0,0.0004
06007000604,0.01,4571,592.0,low,0.0,0.0014
06007000603,0.01,3450,690.0,low,0.0,0.0006
06007000601,0.01,3386,1279.0,low,0.0,0.0
06007000502,0.01,4900,737.0,low,0.0,0.002
06061021034,0.01,4331,1406.0,low,0.0,0.0001
06061021037,0.01,2209,630.0,low,0.0,0.0
06077005133,0.01,4319,1353.0,low,0.0,0.0001
06077005208,0.01,6267,1514.0,low,0.0,0.0001
06077005135,0.01,8680,3480.0,low,0.0,0.0013
06077005134,0.01,4783,1453.0,low,0.0,0.0001
06077005132,0.01,3295,1001.0,low,0.0,0.0007
06077005119,0.01,9931,2264.0,low,0.0,0.0037
06077005131,0.01,7255,2349.0,low,0.0,0.0043
06077005130,0.01,3275,914.0,low,0.0,0.0
06077005129,0.01,3857,950.0,low,0.0,0.0033
06077005127,0.01,6129,1162.0,low,0.0,0.0004
06077005126,0.01,4294,1106.0,low,0.0,0.0001
06077005125,0.01,1899,601.0,low,0.0,0.0
06077005124,0.01,3725,917.0,low,0.0,0.0001
06077005123,0.01,4676,1223.0,low,0.0,0.0001
06077005303,0.01,4966,1233.0,low,0.0,0.0001
06077005307,0.01,3294,712.0,low,0.0,0.0001
06085501101,0.01,4305,681.0,low,0.0,0.0002
06085501000,0.01,5468,829.0,low,0.0,0.0002
06085500902,0.01,4957,167.0,low,0.0,0.0002
06085500901,0.01,4011,235.0,low,0.0,0.0002
06085500800,0.01,4669,516.0,low,0.0,0.0009
06085500600,0.01,5548,1524.0,low,0.0,0.0001
06085500500,0.01,5506,2219.0,low,0.0,0.0001
06085500400,0.01,2476,864.0,low,0.0,0.0002
06085500300,0.01,4765,982.0,low,0.0,0.0002
06085500200,0.01,5281,1109.0,low,0.0,0.0002
06085500100,0.01,7969,1648.0,low,0.0,0.0002
06077005502,0.01,2312,1553.0,low,0.0,0.0004
06077005406,0.01,3428,789.0,low,0.0,0.0003
06077005405,0.01,3644,756.0,low,0.0,0.0001
06077005403,0.01,6046,1657.0,low,0.0,0.0001
06077005308,0.01,4391,1079.0,low,0.0,0.0001
06077005122,0.01,7036,1830.0,low,0.0,0.0034
06077003306,0.01,4444,1120.0,low,0.0,0.0001
06077003409,0.01,4638,1167.0,low,0.0,0.0001
06077003803,0.01,5968,2411.0,low,0.0,0.0019
06077003700,0.01,3845,1881.0,low,0.0,0.0034
06077003602,0.01,3274,1839.0,low,0.0,0.0032
06077003601,0.01,3519,2666.0,low,0.0,0.0028
06077003410,0.01,6188,1555.0,low,0.0,0.0002
06077003407,0.01,3083,639.0,low,0.0,0.0024
06077003406,0.01,3769,795.0,low,0.0,0.0001
06077003405,0.01,4216,945.0,low,0.0,0.0001
06077003404,0.01,5849,1594.0,low,0.0,0.0077
06077003403,0.01,5064,1165.0,low,0.0,0.0003
06077003313,0.01,3356,422.0,low,0.0,0.0001
06077003312,0.01,3450,329.0,low,0.0,0.0001
06077003310,0.01,4678,1041.0,low,0.0,0.0001
06077003308,0.01,1665,405.0,low,0.0,0.0
06077004302,0.01,6122,1686.0,low,0.0,0.0001
06077004307,0.01,3984,768.0,low,0.0,0.0001
06077004308,0.01,3968,529.0,low,0.0,0.0
06077004402,0.01,5599,1256.0,low,0.0,0.0023
06077005109,0.01,3996,1356.0,low,0.0,0.0015
06077005108,0.01,4582,1366.0,low,0.0,0.0001
06077005106,0.01,12643,3606.0,low,0.0,0.0027
06077005004,0.01,5959,2041.0,low,0.0,0.0007
06077005003,0.01,6555,2701.0,low,0.0,0.0013
06077005001,0.01,5781,2085.0,low,0.0,0.0001
06077004800,0.01,5509,3647.0,low,0.0,0.0021
06077004704,0.01,5013,3957.0,low,0.0,0.0023
06077004703,0.01,3744,3019.0,low,0.0,0.002
06077004701,0.01,2815,1147.0,low,0.0,0.0018
06077004502,0.01,4160,895.0,low,0.0,0.0002
06077004501,0.01,2422,702.0,low,0.0,0.0032
06077004404,0.01,3869,841.0,low,0.0,0.0009
06077004403,0.01,4108,840.0,low,0.0,0.0003
06085501102,0.01,4437,1525.0,low,0.0,0.0001
06085501200,0.01,4129,1191.0,low,0.0,0.0001
06085501300,0.01,3786,955.0,low,0.0,0.0001
06085503323,0.01,4712,1189.0,low,0.0,0.0001
06085503332,0.01,5435,1566.0,low,0.0,0.0001
06085503331,0.01,3273,789.0,low,0.0,0.0001
06085503330,0.01,7319,1588.0,low,0.0,0.0001
06085503329,0.01,3953,794.0,low,0.0,0.0
06085503327,0.01,4856,1049.0,low,0.0,0.0001
06085503326,0.01,6625,1462.0,low,0.0,0.0001
06085503325,0.01,4449,991.0,low,0.0,0.0001
06085503324,0.01,3577,786.0,low,0.0,0.0
06085503322,0.01,4310,1070.0,low,0.0,0.0001
06085501401,0.01,3496,535.0,low,0.0,0.0002
06085503321,0.01,4571,1072.0,low,0.0,0.0001
06085503315,0.01,7722,1398.0,low,0.0,0.0049
06085503313,0.01,4600,1245.0,low,0.0,0.0001
06085503312,0.01,3562,1182.0,low,0.0,0.0001
06085503123,0.01,3889,464.0,low,0.0,0.0062
06085503122,0.01,4108,909.0,low,0.0,0.0063
06085503121,0.01,4767,985.0,low,0.0,0.0032
06085503118,0.01,5223,490.0,low,0.0,0.0001
06085503333,0.01,4714,1084.0,low,0.0,0.0001
06085503336,0.01,3370,595.0,low,0.0,0.0
06085503401,0.01,4910,949.0,low,0.0,0.0001
06085503713,0.01,3014,262.0,low,0.0,0.0001
06085503712,0.01,4217,356.0,low,0.0,0.0001
06085503711,0.01,4632,830.0,low,0.0,0.0012
06085503710,0.01,3836,559.0,low,0.0,0.0001
06085503709,0.01,6878,687.0,low,0.0,0.0002
06085503708,0.01,2686,644.0,low,0.0,0.0
06085503707,0.01,5406,854.0,low,0.0,0.0001
06085503703,0.01,3927,633.0,low,0.0,0.0001
06085503602,0.01,4735,1007.0,low,0.0,0.0019
06085503601,0.01,2993,782.0,low,0.0,0.0001
06085503511,0.01,3622,845.0,low,0.0,0.0
06085503510,0.01,5901,1082.0,low,0.0,0.0003
06085503509,0.01,3897,934.0,low,0.0,0.0001
06085503508,0.01,6172,1231.0,low,0.0,0.0008
06085503507,0.01,2224,373.0,low,0.0,0.0
06085503506,0.01,6180,1041.0,low,0.0,0.0007
06085503504,0.01,5888,1208.0,low,0.0,0.0001
06085503117,0.01,2911,450.0,low,0.0,0.0009
06085503116,0.01,5785,830.0,low,0.0,0.0132
06085502603,0.01,2655,1107.0,low,0.0,0.0
06085502500,0.01,6540,2809.0,low,0.0,0.0001
06085502400,0.01,7235,3025.0,low,0.0,0.0001
06085502302,0.01,2995,766.0,low,0.0,0.0001
06085502301,0.01,3338,1336.0,low,0.0,0.0002
06085502202,0.01,3018,857.0,low,0.0,0.0001
06085502101,0.01,5101,1689.0,low,0.0,0.0023
06085502002,0.01,5166,1141.0,low,0.0,0.0001
06085502001,0.01,5010,1655.0,low,0.0,0.0002
06085501800,0.01,4852,1786.0,low,0.0,0.0001
06085501700,0.01,5155,890.0,low,0.0,0.0001
06085501502,0.01,4734,946.0,low,0.0,0.0016
06085501501,0.01,4392,773.0,low,0.0,0.0043
06085501402,0.01,2962,700.0,low,0.0,0.0009
06085502601,0.01,2831,1089.0,low,0.0,0.0001
06085502604,0.01,4494,662.0,low,0.0,0.0037
06085503113,0.01,4604,931.0,low,0.0,0.0004
06085502701,0.01,5048,1275.0,low,0.0,0.0001
06085503112,0.01,4379,773.0,low,0.0,0.0006
06085503110,0.01,4407,496.0,low,0.0,0.0046
06085503105,0.01,2417,441.0,low,0.0,0.0001
06085503003,0.01,5218,1231.0,low,0.0,0.0001
06085503002,0.01,3611,863.0,low,0.0,0.0001
06085503001,0.01,4430,1344.0,low,0.0,0.0001
06085502910,0.01,3908,508.0,low,0.0,0.0003
06085502909,0.01,5324,756.0,low,0.0,0.0004
06085502908,0.01,6951,1304.0,low,0.0,0.0003
06085502907,0.01,3857,808.0,low,0.0,0.0004
06085502906,0.01,4848,749.0,low,0.0,0.0001
06085502903,0.01,5333,1403.0,low,0.0,0.0002
06085502902,0.01,7864,1625.0,low,0.0,0.0001
06085502901,0.01,6250,1545.0,low,0.0,0.0001
06085502800,0.01,4422,1333.0,low,0.0,0.0001
06077003307,0.01,5262,1130.0,low,0.0,0.0001
06077003305,0.01,4275,1359.0,low,0.0,0.0001
06061021038,0.01,7627,2369.0,low,0.0,0.0001
06067007905,0.01,4484,1521.0,low,0.0,0.0002
06067008113,0.01,3852,1103.0,low,0.0,0.0001
06067008111,0.01,6467,2359.0,low,0.0,0.002
06067008010,0.01,5032,1965.0,low,0.0,0.0003
06067008009,0.01,4692,1721.0,low,0.0,0.0002
06067008008,0.01,4939,1800.0,low,0.0,0.0002
06067008007,0.01,3290,955.0,low,0.0,0.0001
06067008006,0.01,5869,2258.0,low,0.0,0.0001
06067008005,0.01,4647,1844.0,low,0.0,0.0002
06067007904,0.01,5212,1888.0,low,0.0,0.0001
06061023400,0.01,5721,1692.0,low,0.0,0.0001
06063000300,0.01,4897,3495.0,low,0.0,0.0063
06063000202,0.01,1248,879.0,low,0.0,0.0004
06063000201,0.01,1830,2263.0,low,0.0,0.0006
06061023900,0.01,3129,1008.0,low,0.0,0.0
06061023800,0.01,3211,1965.0,low,0.0,0.0002
06061023700,0.01,3301,2140.0,low,0.0,0.0
06061023600,0.01,4361,2704.0,low,0.0,0.0003
06067008119,0.01,5857,1845.0,low,0.0,0.0001
06067008120,0.01,4839,1238.0,low,0.0,0.0004
06067008122,0.01,3890,1199.0,low,0.0,0.0001
06067008124,0.01,4692,1734.0,low,0.0,0.0002
06067008145,0.01,7520,2789.0,low,0.0,0.0001
06067008144,0.01,3018,1088.0,low,0.0,0.0
06067008143,0.01,4379,1412.0,low,0.0,0.0004
06067008142,0.01,3724,953.0,low,0.0,0.0001
06067008141,0.01,7300,1532.0,low,0.0,0.0011
06067008140,0.01,3095,1047.0,low,0.0,0.0001
06067008139,0.01,3818,601.0,low,0.0,0.0001
06067008138,0.01,3724,1101.0,low,0.0,0.0002
06067008137,0.01,2430,671.0,low,0.0,0.0001
06067008136,0.01,2848,580.0,low,0.0,0.0003
06067008135,0.01,4283,856.0,low,0.0,0.0001
06067008134,0.01,5086,1310.0,low,0.0,0.0001
06067008132,0.01,3758,1599.0,low,0.0,0.0051
06067008129,0.01,3519,1155.0,low,0.0,0.0031
06067008128,0.01,2392,965.0,low,0.0,0.0032
06067008127,0.01,4925,1673.0,low,0.0,0.0001
06067008125,0.01,5405,1935.0,low,0.0,0.002
06061023300,0.01,6333,1739.0,low,0.0,0.0001
06077003217,0.01,3399,646.0,low,0.0,0.0001
06061021109,0.01,5594,1847.0,low,0.0,0.0001
06061021204,0.01,2748,1805.0,low,0.0,0.0001
06061021203,0.01,7431,3227.0,low,0.0,0.0008
06061021131,0.01,5722,1377.0,low,0.0,0.0001
06061021130,0.01,2272,397.0,low,0.0,0.0001
06061021129,0.01,3453,866.0,low,0.0,0.0001
06061021128,0.01,3244,938.0,low,0.0,0.0001
06061021123,0.01,7558,2983.0,low,0.0,0.0001
06061021122,0.01,3455,1374.0,low,0.0,0.0
06061021108,0.01,3410,1073.0,low,0.0,0.0056
06061023200,0.01,6078,1771.0,low,0.0,0.0001
06061021106,0.01,2401,850.0,low,0.0,0.0
06061021103,0.01,4904,1679.0,low,0.0,0.0011
06061021046,0.01,5056,1374.0,low,0.0,0.0039
06061021045,0.01,3533,1260.0,low,0.0,0.0003
06061021044,0.01,5765,1601.0,low,0.0,0.0001
06061021043,0.01,3760,1126.0,low,0.0,0.0001
06061021040,0.01,3123,1551.0,low,0.0,0.0
06061021039,0.01,1703,913.0,low,0.0,0.0
06061021304,0.01,6258,4563.0,low,0.0,0.003
06061021401,0.01,3056,1264.0,low,0.0,0.0001
06061021403,0.01,7164,1911.0,low,0.0,0.0003
06061023100,0.01,8697,2381.0,low,0.0,0.0001
06061023000,0.01,3914,1058.0,low,0.0,0.0001
06061022900,0.01,5765,1342.0,low,0.0,0.0001
06061022800,0.01,4986,1355.0,low,0.0,0.0001
06061022600,0.01,4982,1028.0,low,0.0,0.0001
06061022400,0.01,4893,1356.0,low,0.0,0.0001
06061022014,0.01,1529,1974.0,low,0.0,0.0
06061022013,0.01,2833,1823.0,low,0.0,0.0005
06061022002,0.01,6569,3090.0,low,0.0,0.002
06061021902,0.01,4462,1482.0,low,0.0,0.0005
06061021901,0.01,3315,1131.0,low,0.0,0.0011
06061021802,0.01,6052,2683.0,low,0.0,0.0039
06061021801,0.01,4663,2182.0,low,0.0,0.0001
06061021604,0.01,3421,2317.0,low,0.0,0.0008
06061021603,0.01,4927,1293.0,low,0.0,0.0035
06061021502,0.01,3806,1638.0,low,0.0,0.0003
06061021501,0.01,5911,2961.0,low,0.0,0.0023
06067008203,0.01,4923,2208.0,low,0.0,0.0015
06067008204,0.01,4702,1725.0,low,0.0,0.0001
06067008206,0.01,5930,2058.0,low,0.0,0.0013
06077001101,0.01,5400,1898.0,low,0.0,0.0001
06077001800,0.01,4036,1412.0,low,0.0,0.0007
06077001700,0.01,4026,1363.0,low,0.0,0.0012
06077001600,0.01,2522,864.0,low,0.0,0.0001
06077001400,0.01,5015,1586.0,low,0.0,0.0001
06077001300,0.01,5350,2066.0,low,0.0,0.0001
06077001200,0.01,5750,1948.0,low,0.0,0.0001
06077001102,0.01,5343,1866.0,low,0.0,0.0001
06077000900,0.01,6351,2117.0,low,0.0,0.0007
06067008207,0.01,4529,1596.0,low,0.0,0.0001
06077000700,0.01,5939,1416.0,low,0.0,0.0004
06077000600,0.01,2305,522.0,low,0.0,0.0001
06077000500,0.01,3071,851.0,low,0.0,0.0001
06077000402,0.01,4640,841.0,low,0.0,0.0002
06077000401,0.01,3351,1335.0,low,0.0,0.0001
06077000300,0.01,2938,558.0,low,0.0,0.0001
06077001900,0.01,5782,1738.0,low,0.0,0.0001
06077002000,0.01,4068,1284.0,low,0.0,0.0008
06077002100,0.01,5996,1466.0,low,0.0,0.0001
06077002201,0.01,3169,880.0,low,0.0,0.0
06077003203,0.01,3882,1371.0,low,0.0,0.0001
06077003112,0.01,3183,1067.0,low,0.0,0.0001
06077003111,0.01,4253,1010.0,low,0.0,0.0005
06077003110,0.01,4175,986.0,low,0.0,0.0001
06077003109,0.01,5961,1854.0,low,0.0,0.0001
06077003108,0.01,4653,1279.0,low,0.0,0.0001
06077003106,0.01,3862,1195.0,low,0.0,0.0001
06077002800,0.01,6992,2050.0,low,0.0,0.0007
06077002702,0.01,4237,1348.0,low,0.0,0.0003
06077002701,0.01,7161,2303.0,low,0.0,0.0019
06077002504,0.01,4156,1084.0,low,0.0,0.0
06077002503,0.01,2440,610.0,low,0.0,0.0003
06077002402,0.01,2284,758.0,low,0.0,0.0014
06077002401,0.01,5226,1551.0,low,0.0,0.0002
06077002300,0.01,5285,1458.0,low,0.0,0.0002
06077002202,0.01,5693,1415.0,low,0.0,0.0009
06075980401,0.01,0,0.0,low,,
06069000802,0.01,3561,2787.0,low,0.0,0.0018
06069000801,0.01,3295,1184.0,low,0.0,0.0001
06067008702,0.01,2867,1316.0,low,0.0,0.0
06067008513,0.01,3962,1031.0,low,0.0,0.0
06067008512,0.01,5453,1422.0,low,0.0,0.0001
06067008510,0.01,5292,1681.0,low,0.0,0.0004
06067008509,0.01,4748,1360.0,low,0.0,0.0001
06067008508,0.01,8897,2091.0,low,0.0,0.0001
06067008507,0.01,4109,1199.0,low,0.0,0.0001
06067008506,0.01,2827,331.0,low,0.0,0.0002
06067008505,0.01,2200,727.0,low,0.0,0.0
06067008504,0.01,5367,1555.0,low,0.0,0.0001
06067008501,0.01,7064,2058.0,low,0.0,0.0001
06067008404,0.01,3329,1332.0,low,0.0,0.0002
06067008403,0.01,6060,1516.0,low,0.0,0.0008
06067008402,0.01,5447,1926.0,low,0.0,0.0001
06067008211,0.01,2959,1658.0,low,0.0,0.0009
06067008210,0.01,5660,2414.0,low,0.0,0.0081
06067008209,0.01,4372,1438.0,low,0.0,0.0001
06067008208,0.01,4715,1717.0,low,0.0,0.0037
06067008703,0.01,5786,2054.0,low,0.0,0.0012
06069000702,0.01,6423,1519.0,low,0.0,0.0006
06067008704,0.01,3605,963.0,low,0.0,0.0
06069000701,0.01,4742,768.0,low,0.0,0.0068
06069000502,0.01,6952,1370.0,low,0.0,0.0008
06069000501,0.01,5834,1555.0,low,0.0,0.0001
06069000400,0.01,6748,1686.0,low,0.0,0.0002
06069000300,0.01,5553,945.0,low,0.0,0.0001
06069000100,0.01,5421,3672.0,low,0.0,0.0027
06067988300,0.01,5667,220.0,low,0.0,0.0002
06067009504,0.01,2713,721.0,low,0.0,0.0001
06067009503,0.01,3326,1032.0,low,0.0,0.0039
06067009502,0.01,7414,2653.0,low,0.0,0.0011
06067009406,0.01,2443,1989.0,low,0.0,0.0018
06067008912,0.01,3130,1043.0,low,0.0,0.0
06067008908,0.01,5204,1551.0,low,0.0,0.006
06067008907,0.01,5277,1121.0,low,0.0,0.0001
